Workbook

Sheet Product_Mapping
A1: HS Chapter | B1: HS6 Code | C1: Product Description | D1: Product Category | E1: Business Function
A2: 85 | B2: 8542 | C2: Electronic integrated circuits; parts thereof | D2: =VLOOKUP(A2,HS_Category_Map!$A$2:$B$10,2,FALSE) -> Electrical | E2: =VLOOKUP(D2,Category_Function_Map!$A$2:$B$7,2,FALSE) -> Electrical Supplies
A3: 85 | B3: 8536 | C3: Electrical apparatus for switching or protecting electrical circuits, or for making connections to or in electrical circuits, e.g., switches, relays, fuses, surge suppressors, plugs, sockets, lamp holders and junction boxes, for a voltage <= 1.000 V (excl. control desks, cabinets, panels etc. of heading 8537) | D3: =VLOOKUP(A3,HS_Category_Map!$A$2:$B$10,2,FALSE) -> Electrical | E3: =VLOOKUP(D3,Category_Function_Map!$A$2:$B$7,2,FALSE) -> Electrical Supplies
A4: 85 | B4: 8541 | C4: Semiconductor devices "e.g. diodes, transistors, semiconductor-based transducers"; photosensitive semiconductor devices, incl. photovoltaic cells whether or not assembled in modules or made up into panels (excl. photovoltaic generators); light emitting diodes "LED", whether or not assembled with other light-emitting diodes "LED"; mounted piezoelectric crystals; parts thereof | D4: =VLOOKUP(A4,HS_Category_Map!$A$2:$B$10,2,FALSE) -> Electrical | E4: =VLOOKUP(D4,Category_Function_Map!$A$2:$B$7,2,FALSE) -> Electrical Supplies
A5: 85 | B5: 8504 | C5: Electrical transformers, static converters, e.g. rectifiers, and inductors; parts thereof | D5: =VLOOKUP(A5,HS_Category_Map!$A$2:$B$10,2,FALSE) -> Electrical | E5: =VLOOKUP(D5,Category_Function_Map!$A$2:$B$7,2,FALSE) -> Electrical Supplies
A6: 85 | B6: 8537 | C6: Boards, panels, consoles, desks, cabinets and other bases, equipped with two or more apparatus of heading 8535 or 8536, for electric control or the distribution of electricity, incl. those incorporating instruments or apparatus of chapter 90, and numerical control apparatus (excl. switching apparatus for line telephony or line telegraphy) | D6: =VLOOKUP(A6,HS_Category_Map!$A$2:$B$10,2,FALSE) -> Electrical | E6: =VLOOKUP(D6,Category_Function_Map!$A$2:$B$7,2,FALSE) -> Electrical Supplies
A7: 85 | B7: 8515 | C7: Electric, incl. electrically heated gas, laser or other light or photon beam, ultrasonic, electron beam, magnetic pulse or plasma arc soldering, brazing or welding machines and apparatus, whether or not capable of cutting; electric machines and apparatus for hot spraying of metals, metal carbides or cermets; parts thereof (excl. guns for spraying hot materials of heading 8424) | D7: =VLOOKUP(A7,HS_Category_Map!$A$2:$B$10,2,FALSE) -> Electrical | E7: =VLOOKUP(D7,Category_Function_Map!$A$2:$B$7,2,FALSE) -> Electrical Supplies
A8: 85 | B8: 8532 | C8: Electrical capacitors, fixed, variable or adjustable "pre-set"; parts thereof | D8: =VLOOKUP(A8,HS_Category_Map!$A$2:$B$10,2,FALSE) -> Electrical | E8: =VLOOKUP(D8,Category_Function_Map!$A$2:$B$7,2,FALSE) -> Electrical Supplies
A9: 85 | B9: 8511 | C9: Electrical ignition or starting equipment of a kind used for spark-ignition or compression-ignition internal combustion engines, e.g. ignition magnetos, magneto-dynamos, ignition coils, sparking plugs, glow plugs and starter motors; generators, e.g. dynamos and alternators, and cut-outs of a kind used in conjunction with such engines; parts thereof | D9: =VLOOKUP(A9,HS_Category_Map!$A$2:$B$10,2,FALSE) -> Electrical | E9: =VLOOKUP(D9,Category_Function_Map!$A$2:$B$7,2,FALSE) -> Electrical Supplies
A10: 85 | B10: 8507 | C10: Electric accumulators, incl. separators therefor, whether or not square or rectangular; parts thereof (excl. spent and those of unhardened rubber or textiles) | D10: =VLOOKUP(A10,HS_Category_Map!$A$2:$B$10,2,FALSE) -> Electrical | E10: =VLOOKUP(D10,Category_Function_Map!$A$2:$B$7,2,FALSE) -> Electrical Supplies
A11: 85 | B11: 8501 | C11: Electric motors and generators (excl. generating sets) | D11: =VLOOKUP(A11,HS_Category_Map!$A$2:$B$10,2,FALSE) -> Electrical | E11: =VLOOKUP(D11,Category_Function_Map!$A$2:$B$7,2,FALSE) -> Electrical Supplies
A12: 85 | B12: 8525 | C12: Transmission apparatus for radio-broadcasting or television, whether or not incorporating reception apparatus or sound recording or reproducing apparatus; television cameras, digital cameras and video camera recorders | D12: =VLOOKUP(A12,HS_Category_Map!$A$2:$B$10,2,FALSE) -> Electrical | E12: =VLOOKUP(D12,Category_Function_Map!$A$2:$B$7,2,FALSE) -> Electrical Supplies
A13: 85 | B13: 8538 | C13: Parts suitable for use solely or principally with the apparatus of heading 8535, 8536 or 8537, n.e.s. | D13: =VLOOKUP(A13,HS_Category_Map!$A$2:$B$10,2,FALSE) -> Electrical | E13: =VLOOKUP(D13,Category_Function_Map!$A$2:$B$7,2,FALSE) -> Electrical Supplies
... A259: 84 | B259: 8470 | C259: Calculating machines and pocket-size "dimensions <= 170 mm x 100 mm x 45 mm" data recording, reproducing and displaying machines with calculating functions; accounting machines, postage-franking machines, ticket-issuing machines and similar machines, incorporating a calculating device; cash registers (excl. data-processing machines of heading 8471 and automatic goods-vending machines) | D259: =VLOOKUP(A259,HS_Category_Map!$A$2:$B$10,2,FALSE) -> Kitchen Fittings | E259: =VLOOKUP(D259,Category_Function_Map!$A$2:$B$7,2,FALSE) -> Kitchen & Mechanical Solutions

Sheet HS_Category_Map
A1: HS Chapter | B1: Ekta Category
A2: 39 | B2: Plastics
A3: 68 | B3: Decorative Materials
A4: 69 | B4: Sanitary
A5: 73 | B5: Hardware
A6: 74 | B6: Electrical
A7: 76 | B7: Hardware
A8: 83 | B8: Hardware
A9: 84 | B9: Kitchen Fittings
A10: 85 | B10: Electrical

Sheet Category_Function_Map
A1: Product Category | B1: Business Function
A2: Electrical | B2: Electrical Supplies
A3: Hardware | B3: Building Hardware
A4: Kitchen Fittings | B4: Kitchen & Mechanical Solutions
A5: Sanitary | B5: Bathroom & Sanitary Solutions
A6: Decorative Materials | B6: Interior & Building Materials
A7: Plastics | B7: Plumbing & Plastic Products
