Workbook

Sheet TS_Imports
A1: HS6 Code | B1: Product Description | C1: 2016 | D1: 2017 | E1: 2018 | F1: 2019 | G1: 2020 | H1: 2021 | I1: 2022 | J1: 2023 | K1: 2024 | L1: 2025 | M1: Product Category
A2: 8542 | B2: Electronic integrated circuits; parts thereof | C2: 92.55 | D2: 123.06 | E2: 101.01 | F2: 97.75 | G2: 100.71 | H2: 151.05 | I2: 215.05 | J2: 313.52 | K2: 420.33 | L2: 445.84 | M2: =VLOOKUP(A2,Product_Mapping!$B:$D,3,FALSE) -> Electrical
A3: 8536 | B3: Electrical apparatus for switching or protecting electrical circuits, or for making connections to or in electrical circuits, e.g., switches, relays, fuses, surge suppressors, plugs, sockets, lamp holders and junction boxes, for a voltage <= 1.000 V (excl. control desks, cabinets, panels etc. of heading 8537) | C3: 115.76 | D3: 129.6 | E3: 131.68 | F3: 108.33 | G3: 108.49 | H3: 154.6 | I3: 184.61 | J3: 194.14 | K3: 192.44 | L3: 247.91 | M3: =VLOOKUP(A3,Product_Mapping!$B:$D,3,FALSE) -> Electrical
A4: 8541 | B4: Semiconductor devices "e.g. diodes, transistors, semiconductor-based transducers"; photosensitive semiconductor devices, incl. photovoltaic cells whether or not assembled in modules or made up into panels (excl. photovoltaic generators); light emitting diodes "LED", whether or not assembled with other light-emitting diodes "LED"; mounted piezoelectric crystals; parts thereof | C4: 137.75 | D4: 112.73 | E4: 93.91 | F4: 114.07 | G4: 98.8 | H4: 111.71 | I4: 158.28 | J4: 222.86 | K4: 184.92 | L4: 219.5 | M4: =VLOOKUP(A4,Product_Mapping!$B:$D,3,FALSE) -> Electrical
A5: 8504 | B5: Electrical transformers, static converters, e.g. rectifiers, and inductors; parts thereof | C5: 59.42 | D5: 80.12 | E5: 87.57 | F5: 95.71 | G5: 60.61 | H5: 90.03 | I5: 84.43 | J5: 111.37 | K5: 94.92 | L5: 158.45 | M5: =VLOOKUP(A5,Product_Mapping!$B:$D,3,FALSE) -> Electrical
A6: 8537 | B6: Boards, panels, consoles, desks, cabinets and other bases, equipped with two or more apparatus of heading 8535 or 8536, for electric control or the distribution of electricity, incl. those incorporating instruments or apparatus of chapter 90, and numerical control apparatus (excl. switching apparatus for line telephony or line telegraphy) | C6: 71 | D6: 72.79 | E6: 105.87 | F6: 74.02 | G6: 55.23 | H6: 114.25 | I6: 130.24 | J6: 111.94 | K6: 115.82 | L6: 132.09 | M6: =VLOOKUP(A6,Product_Mapping!$B:$D,3,FALSE) -> Electrical
A7: 8515 | B7: Electric, incl. electrically heated gas, laser or other light or photon beam, ultrasonic, electron beam, magnetic pulse or plasma arc soldering, brazing or welding machines and apparatus, whether or not capable of cutting; electric machines and apparatus for hot spraying of metals, metal carbides or cermets; parts thereof (excl. guns for spraying hot materials of heading 8424) | C7: 48.79 | D7: 33.12 | E7: 41.69 | F7: 86.16 | G7: 52.85 | H7: 70.12 | I7: 47.4 | J7: 82.1 | K7: 104.45 | L7: 115.28 | M7: =VLOOKUP(A7,Product_Mapping!$B:$D,3,FALSE) -> Electrical
A8: 8532 | B8: Electrical capacitors, fixed, variable or adjustable "pre-set"; parts thereof | C8: 39.22 | D8: 38.83 | E8: 31.69 | F8: 40.29 | G8: 29.83 | H8: 31.94 | I8: 49.54 | J8: 62.62 | K8: 87.49 | L8: 115.1 | M8: =VLOOKUP(A8,Product_Mapping!$B:$D,3,FALSE) -> Electrical
A9: 8511 | B9: Electrical ignition or starting equipment of a kind used for spark-ignition or compression-ignition internal combustion engines, e.g. ignition magnetos, magneto-dynamos, ignition coils, sparking plugs, glow plugs and starter motors; generators, e.g. dynamos and alternators, and cut-outs of a kind used in conjunction with such engines; parts thereof | C9: 42.34 | D9: 46.24 | E9: 47.24 | F9: 33.45 | G9: 24.31 | H9: 41.27 | I9: 69.78 | J9: 85.24 | K9: 98.95 | L9: 107.02 | M9: =VLOOKUP(A9,Product_Mapping!$B:$D,3,FALSE) -> Electrical
A10: 8507 | B10: Electric accumulators, incl. separators therefor, whether or not square or rectangular; parts thereof (excl. spent and those of unhardened rubber or textiles) | C10: 25.83 | D10: 31.08 | E10: 36.38 | F10: 30.89 | G10: 31.89 | H10: 56.74 | I10: 85.42 | J10: 86.64 | K10: 65.35 | L10: 105.78 | M10: =VLOOKUP(A10,Product_Mapping!$B:$D,3,FALSE) -> Electrical
A11: 8501 | B11: Electric motors and generators (excl. generating sets) | C11: 74.47 | D11: 104.29 | E11: 111.55 | F11: 94.32 | G11: 47.97 | H11: 64.32 | I11: 73.58 | J11: 84.01 | K11: 74.35 | L11: 79.78 | M11: =VLOOKUP(A11,Product_Mapping!$B:$D,3,FALSE) -> Electrical
A12: 8525 | B12: Transmission apparatus for radio-broadcasting or television, whether or not incorporating reception apparatus or sound recording or reproducing apparatus; television cameras, digital cameras and video camera recorders | C12: 75.94 | D12: 97.92 | E12: 84.09 | F12: 96.91 | G12: 51 | H12: 61.5 | I12: 79.61 | J12: 63.91 | K12: 50.55 | L12: 76.8 | M12: =VLOOKUP(A12,Product_Mapping!$B:$D,3,FALSE) -> Electrical
A13: 8538 | B13: Parts suitable for use solely or principally with the apparatus of heading 8535, 8536 or 8537, n.e.s. | C13: 45.12 | D13: 44.06 | E13: 50.34 | F13: 63.21 | G13: 45.5 | H13: 57.19 | I13: 59.03 | J13: 66.87 | K13: 59.68 | L13: 73.69 | M13: =VLOOKUP(A13,Product_Mapping!$B:$D,3,FALSE) -> Electrical
... A83: 6811 | B83: Articles of asbestos-cement, cellulose fibre-cement or the like | C83: 0 | D83: 0.02 | E83: 0.08 | F83: 0.04 | G83: 0 | H83: 0.02 | I83: 0.05 | J83: 0.15 | K83: 0 | L83: 0.11 | M83: =VLOOKUP(A83,Product_Mapping!$B:$D,3,FALSE) -> Decorative Materials
A84: 6810 | B84: Articles of cement, concrete or artificial stone, whether or not reinforced | C84: 0.03 | D84: 0.02 | E84: 0.15 | F84: ≈ 0 | G84: 0 | H84: 0 | I84: 0 | J84: 0 | K84: 0.03 | L84: 0.1 | M84: =VLOOKUP(A84,Product_Mapping!$B:$D,3,FALSE) -> Decorative Materials
A85: 6802 | B85: Monumental or building stone, natural (excl. slate), worked, and articles; mosaic cubes etc. of natural stone, incl. slate, whether or not on a backing; artificially coloured granules, chippings, powder, of natural stone, incl. slate (excl. setts, curbstones, flagstones; articles of fused basalt and of fired steatite; jewellery, clocks, lamps and parts; buttons, chalks, original sculptures and statuary) | C85: 0.05 | D85: 0.02 | E85: 0.01 | F85: 0.01 | G85: 0.01 | H85: 0 | I85: 0 | J85: 0 | K85: 0 | L85: 0 | M85: =VLOOKUP(A85,Product_Mapping!$B:$D,3,FALSE) -> Decorative Materials
A86: 6803 | B86: Worked slate and articles of slate or of agglomerated slate (excluding slate granules, chippings and powder, mosaic cubes and the like, slate pencils, and ready-to-use slates or boards with writing or drawing surfaces) | C86: 0 | D86: 0 | E86: 0 | F86: ≈ 0 | G86: ≈ 0 | H86: 0 | I86: 0 | J86: ≈ 0 | K86: 0 | L86: 0 | M86: =VLOOKUP(A86,Product_Mapping!$B:$D,3,FALSE) -> Decorative Materials
A87: 6807 | B87: Articles of asphalt or of similar materials, e.g. petroleum bitumen or coal tar pitch | C87: 0.17 | D87: 0.25 | E87: 0 | F87: 0 | G87: 0 | H87: 0.01 | I87: 0 | J87: 0.01 | K87: 0 | L87: 0 | M87: =VLOOKUP(A87,Product_Mapping!$B:$D,3,FALSE) -> Decorative Materials
A88: 6808 | B88: Panels, boards, tiles, blocks and similar articles of vegetable fibre, of straw or of shavings, chips, particles, sawdust or other waste of wood, agglomerated with cement, plaster or other mineral binders (excluding articles of asbestos-cement, cellulose fibre-cement or the like) | C88: 0.02 | D88: 0 | E88: 0 | F88: ≈ 0 | G88: 0 | H88: 0 | I88: 0 | J88: ≈ 0 | K88: 0 | L88: 0 | M88: =VLOOKUP(A88,Product_Mapping!$B:$D,3,FALSE) -> Decorative Materials
A89: 6809 | B89: Articles of plaster or of compositions based on plaster (excl. plaster bandages for straightening fractures, put up for retail sale; plaster splints for the treatment of fractures; lightweight with plaster agglomerated building boards or articles for heat-insulation, sound-insulation or sound absorption; anatomic and other models for demonstration purposes; original sculptures and statuary) | C89: 0 | D89: 0.05 | E89: 0 | F89: 0 | G89: 0 | H89: 0 | I89: 0 | J89: 0 | K89: 0 | L89: 0 | M89: =VLOOKUP(A89,Product_Mapping!$B:$D,3,FALSE) -> Decorative Materials
A90: 6909 | B90: Ceramic wares for laboratory, chemical or other technical uses; ceramic troughs, tubs and similar receptacles used in agriculture; ceramic pots, jars and similar articles used for the conveyance or packing of goods (excl. millstones, polishing stones, grindstones and the like of heading 6804; refractory ceramic goods; household articles; containers for shops; electrical devices, insulators and other insulating fittings) | C90: 3.46 | D90: 9.2 | E90: 12.48 | F90: 7.15 | G90: 8.09 | H90: 13.29 | I90: 11.02 | J90: 20.88 | K90: 16.99 | L90: 21.44 | M90: =VLOOKUP(A90,Product_Mapping!$B:$D,3,FALSE) -> Sanitary
A91: 6903 | B91: Retorts, crucibles, mufflers, nozzles, plugs, supports, cupels, tubes, pipes, sheaths, rods, slide gates and other refractory ceramic goods (excl. those of siliceous fossil meals or of similar siliceous earths, and refractory bricks, blocks, tiles and similar refractory ceramic constructional goods) | C91: 4.31 | D91: 3.68 | E91: 6.47 | F91: 8.17 | G91: 8.71 | H91: 12.58 | I91: 12.66 | J91: 11.78 | K91: 11.76 | L91: 11.41 | M91: =VLOOKUP(A91,Product_Mapping!$B:$D,3,FALSE) -> Sanitary
A92: 6902 | B92: Refractory bricks, blocks, tiles and similar refractory ceramic constructional goods (excl. those of siliceous fossil meals or similar siliceous earths) | C92: 1.89 | D92: 4.25 | E92: 1.38 | F92: 1.3 | G92: 1.94 | H92: 2.88 | I92: 1.43 | J92: 7.39 | K92: 15.09 | L92: 9.3 | M92: =VLOOKUP(A92,Product_Mapping!$B:$D,3,FALSE) -> Sanitary
A93: 6914 | B93: Ceramic articles, n.e.s. | C93: 3.6 | D93: 1.96 | E93: 2.69 | F93: 2.64 | G93: 1.59 | H93: 2.36 | I93: 2.32 | J93: 1.31 | K93: 2.32 | L93: 2.11 | M93: =VLOOKUP(A93,Product_Mapping!$B:$D,3,FALSE) -> Sanitary
A94: 6910 | B94: Ceramic sinks, washbasins, washbasin pedestals, baths, bidets, water closet pans, flushing cisterns, urinals and similar sanitary fixtures (excl. soap dishes, sponge holders, tooth-brush holders, towel hooks and toilet paper holders) | C94: 0.13 | D94: 0.21 | E94: 0.36 | F94: 0.33 | G94: 0.25 | H94: 0.32 | I94: 0.44 | J94: 0.54 | K94: 0.43 | L94: 0.52 | M94: =VLOOKUP(A94,Product_Mapping!$B:$D,3,FALSE) -> Sanitary
A95: 6911 | B95: Tableware, kitchenware, other household articles and toilet articles, of porcelain or china (excl. baths, bidets, sinks and similar sanitary fixtures, statuettes and other ornamental articles, pots, jars, carboys and similar receptacles for the conveyance or packing of goods, and coffee grinders and spice mills with receptacles made of ceramics and working parts of metal) | C95: 0.21 | D95: 0.11 | E95: 0.21 | F95: 0.35 | G95: 0.31 | H95: 0.54 | I95: 0.27 | J95: 0.16 | K95: 0.18 | L95: 0.14 | M95: =VLOOKUP(A95,Product_Mapping!$B:$D,3,FALSE) -> Sanitary
A96: 6912 | B96: Tableware, kitchenware, other household articles and toilet articles, of ceramics other than porcelain or china (excluding baths, bidets, sinks and similar sanitary fixtures, statuettes and other ornamental articles, pots, jars, carboys and similar receptacles for the conveyance or packing of goods, and coffee grinders and spice mills with receptacles made of ceramics and working parts of metal) | C96: 0.04 | D96: 0.02 | E96: 0.03 | F96: 0.04 | G96: 0.02 | H96: 0.11 | I96: 0.04 | J96: 0.04 | K96: 0.07 | L96: 0.07 | M96: =VLOOKUP(A96,Product_Mapping!$B:$D,3,FALSE) -> Sanitary
A97: 6907 | B97: Ceramic flags and paving, hearth or wall tiles; ceramic mosaic cubes and the like, whether or not on a backing (excl. of siliceous fossil meals or similar siliceous earths, refractory goods, tiles specially adapted as table mats, ornamental articles and tiles specifically manufactured for stoves) | C97: 0 | D97: 0.14 | E97: 0.36 | F97: 0.28 | G97: 0.01 | H97: 0.01 | I97: ≈ 0 | J97: 0.01 | K97: 0 | L97: 0.03 | M97: =VLOOKUP(A97,Product_Mapping!$B:$D,3,FALSE) -> Sanitary
A98: 6905 | B98: Roofing tiles, chimney pots, cowls, chimney liners, architectural ornaments and other ceramic constructional goods (excl. of siliceous fossil meals or similar siliceous earths, refractory ceramic constructional components, pipes and other components for drainage and similar purposes) | C98: 0.01 | D98: 0.02 | E98: 0.02 | F98: 0.04 | G98: 0.05 | H98: 0.09 | I98: 0.06 | J98: 0.03 | K98: 0.04 | L98: 0.03 | M98: =VLOOKUP(A98,Product_Mapping!$B:$D,3,FALSE) -> Sanitary
A99: 6906 | B99: Ceramic pipes, conduits, guttering and pipe fittings (excluding of siliceous fossil meals or similar siliceous earths, refractory ceramic goods, chimney liners, pipes specifically manufactured for laboratories, insulating tubing and fittings and other piping for electrotechnical purposes) | C99: 0 | D99: 0 | E99: 0 | F99: 0.01 | G99: 0 | H99: 0.03 | I99: 0.03 | J99: 0.06 | K99: 0.02 | L99: 0.01 | M99: =VLOOKUP(A99,Product_Mapping!$B:$D,3,FALSE) -> Sanitary
A100: 6904 | B100: Ceramic building bricks, flooring blocks, support or filler tiles and the like (excl. those of siliceous fossil meals or similar siliceous earths, refractory bricks of heading 6902, and flags and pavings, hearth and wall tiles of heading 6907 and 6908) | C100: 0.56 | D100: 0.02 | E100: 0 | F100: 1.17 | G100: 0.01 | H100: 0 | I100: 0 | J100: 0 | K100: 0 | L100: 0.01 | M100: =VLOOKUP(A100,Product_Mapping!$B:$D,3,FALSE) -> Sanitary
A101: 6913 | B101: Statuettes and other ornamental ceramic articles, n.e.s. | C101: 0.01 | D101: 0 | E101: 0 | F101: ≈ 0 | G101: 0 | H101: ≈ 0 | I101: 0 | J101: ≈ 0 | K101: 0 | L101: 0 | M101: =VLOOKUP(A101,Product_Mapping!$B:$D,3,FALSE) -> Sanitary
A102: 6901 | B102: Bricks, blocks, tiles and other ceramic goods of siliceous fossil meals, e.g. kieselguhr, tripolite or diatomite, or of similar siliceous earths | C102: 0 | D102: 0.03 | E102: 0.09 | F102: 0.01 | G102: ≈ 0 | H102: 0 | I102: 0 | J102: 0 | K102: 0 | L102: 0 | M102: =VLOOKUP(A102,Product_Mapping!$B:$D,3,FALSE) -> Sanitary
A103: 6908 | B103: Glazed ceramic flags and paving, hearth or wall tiles; glazed ceramic mosaic cubes and the like, whether or not on a backing (excluding of siliceous fossil meals or similar siliceous earths, refractory ceramic goods, tiles specially adapted as table mats, ornamental articles and tiles specifically manufactured for stoves) | C103: 0.02 | D103: 0 | E103: 0 | F103: 0 | G103: 0 | H103: 0 | I103: 0 | J103: 0 | K103: 0 | L103: 0 | M103: =VLOOKUP(A103,Product_Mapping!$B:$D,3,FALSE) -> Sanitary
A104: 7318 | B104: Screws, bolts, nuts, coach screws, screw hooks, rivets, cotters, cotter pins, washers, incl. spring washers, and similar articles, of iron or steel (excl. lag screws, stoppers, plugs and the like, threaded) | C104: 113.57 | D104: 117.43 | E104: 132.84 | F104: 101.88 | G104: 72.63 | H104: 108.66 | I104: 106.46 | J104: 129.47 | K104: 126.9 | L104: 149.87 | M104: =VLOOKUP(A104,Product_Mapping!$B:$D,3,FALSE) -> Hardware
A105: 7302 | B105: Railway or tramway track construction material of iron or steel, the following : rails, check-rails and rack rails, switch blades, crossing frogs, point rods and other crossing pieces, sleepers "cross-ties", fish-plates, chairs, chair wedges, sole plates "base plates", rail clips, bedplates, ties and other material specialised for jointing or fixing rails | C105: 50.07 | D105: 25.71 | E105: 59.5 | F105: 84.44 | G105: 25.54 | H105: 56.81 | I105: 27.73 | J105: 93.62 | K105: 46.06 | L105: 91.28 | M105: =VLOOKUP(A105,Product_Mapping!$B:$D,3,FALSE) -> Hardware
A106: 7326 | B106: Articles of iron or steel, n.e.s. (excl. cast articles) | C106: 69.65 | D106: 64.56 | E106: 59.45 | F106: 65.71 | G106: 40.45 | H106: 55.75 | I106: 53.83 | J106: 60.07 | K106: 62.97 | L106: 79.33 | M106: =VLOOKUP(A106,Product_Mapping!$B:$D,3,FALSE) -> Hardware
A107: 7304 | B107: Tubes, pipes and hollow profiles, seamless, of iron or steel (excl. products of cast iron) | C107: 61.05 | D107: 28.89 | E107: 67.03 | F107: 57.11 | G107: 32.33 | H107: 18.18 | I107: 39.03 | J107: 23.76 | K107: 46.27 | L107: 26.71 | M107: =VLOOKUP(A107,Product_Mapping!$B:$D,3,FALSE) -> Hardware
A108: 7307 | B108: Tube or pipe fittings "e.g. couplings, elbows, sleeves", of iron or steel | C108: 8.38 | D108: 10.37 | E108: 13.63 | F108: 11.21 | G108: 7.98 | H108: 10.59 | I108: 11.38 | J108: 13.39 | K108: 11.34 | L108: 14.93 | M108: =VLOOKUP(A108,Product_Mapping!$B:$D,3,FALSE) -> Hardware
A109: 7320 | B109: Springs and leaves for springs, of iron or steel (excl. clock and watch springs, springs for sticks and handles of umbrellas or parasols, shock absorbers and torque rod or torsion bar springs of Section 17) | C109: 14.32 | D109: 15.14 | E109: 15.84 | F109: 13.38 | G109: 11.05 | H109: 13.72 | I109: 12.57 | J109: 13.42 | K109: 15.07 | L109: 14.46 | M109: =VLOOKUP(A109,Product_Mapping!$B:$D,3,FALSE) -> Hardware
A110: 7315 | B110: Chain and parts thereof, or iron or steel (excl. watch chains, necklace chains and the like, cutting and saw chain, skid chain, scraper chain for conveyors, toothed chain for textile machinery and the like, safety devices with chains for securing doors, measuring chains) | C110: 5.75 | D110: 6.1 | E110: 7.5 | F110: 6.49 | G110: 6.79 | H110: 6.85 | I110: 8.01 | J110: 10.09 | K110: 8.98 | L110: 12.3 | M110: =VLOOKUP(A110,Product_Mapping!$B:$D,3,FALSE) -> Hardware
A111: 7308 | B111: Structures and parts of structures "e.g., bridges and bridge-sections, lock-gates, towers, lattice masts, roofs, roofing frameworks, doors and windows and their frames and thresholds for doors, shutters, balustrades, pillars and columns", of iron or steel; plates, rods, angles, shapes, sections, tubes and the like, prepared for use in structures, of iron or steel (excl. prefabricated buildings of heading 9406) | C111: 7.08 | D111: 7.08 | E111: 4.57 | F111: 2.6 | G111: 16.63 | H111: 65.62 | I111: 20.57 | J111: 32.69 | K111: 16.28 | L111: 7.34 | M111: =VLOOKUP(A111,Product_Mapping!$B:$D,3,FALSE) -> Hardware
A112: 7306 | B112: Tubes, pipes and hollow profiles "e.g., open seam or welded, riveted or similarly closed", of iron or steel (excl. of cast iron, seamless tubes and pipes and tubes having internal and external circular cross-sections and an external diameter of > 406,4 mm) | C112: 17.57 | D112: 16.33 | E112: 16.82 | F112: 12.36 | G112: 7.37 | H112: 10.06 | I112: 7.92 | J112: 7.89 | K112: 7.8 | L112: 6.06 | M112: =VLOOKUP(A112,Product_Mapping!$B:$D,3,FALSE) -> Hardware
A113: 7325 | B113: Articles of iron or steel, cast, n.e.s. | C113: 10.71 | D113: 8.09 | E113: 5.01 | F113: 5.16 | G113: 1.14 | H113: 1.28 | I113: 2.11 | J113: 2.36 | K113: 2.48 | L113: 4.61 | M113: =VLOOKUP(A113,Product_Mapping!$B:$D,3,FALSE) -> Hardware
A114: 7319 | B114: Sewing needles, knitting needles, bodkins, crochet hoods, embroidery stilettos and similar articles, for use in the hand, of iron or steel; safety pins and other pins of iron or steel, n.e.s. | C114: 5.08 | D114: 5.84 | E114: 5.34 | F114: 4.61 | G114: 3.09 | H114: 3.9 | I114: 3.17 | J114: 3.34 | K114: 3.53 | L114: 4.17 | M114: =VLOOKUP(A114,Product_Mapping!$B:$D,3,FALSE) -> Hardware
... A120: 7311 | B120: Containers of iron or steel, for compressed or liquefied gas (excluding containers specifically constructed or equipped for one or more types of transport) | C120: 0.03 | D120: 0.06 | E120: 0.09 | F120: 0.14 | G120: 0.16 | H120: 0.64 | I120: 0.32 | J120: 0.25 | K120: 0.29 | L120: 0.27 | M120: =VLOOKUP(A120,Product_Mapping!$B:$D,3,FALSE) -> Hardware
A121: 7321 | B121: Stoves, ranges, grates, cookers, incl. those with subsidiary boilers for central heating, barbecues, braziers, gas rings, plate warmers and similar non-electric domestic appliances, and parts thereof of iron or steel (excl. boilers and radiators for central heating, geysers and hot water cylinders) | C121: 0.01 | D121: 0.01 | E121: 0.01 | F121: 0.03 | G121: 0.02 | H121: ≈ 0 | I121: 0 | J121: 0.01 | K121: 0 | L121: 0.16 | M121: =VLOOKUP(A121,Product_Mapping!$B:$D,3,FALSE) -> Hardware
A122: 7323 | B122: Table, kitchen or other household articles, and parts thereof, of iron or steel; iron or steel wool; pot scourers and scouring or polishing pads, gloves and the like, of iron or steel (excl. cans, boxes and similar containers of heading 7310; waste baskets; shovels, corkscrews and other articles of the nature of a work implement; articles of cutlery, spoons, ladles, forks etc. of heading 8211 to 8215; ornamental articles; sanitary ware) | C122: 0.07 | D122: 0.13 | E122: 0.23 | F122: 0.11 | G122: 0.05 | H122: 0.06 | I122: 0.12 | J122: 0.08 | K122: 0.12 | L122: 0.06 | M122: =VLOOKUP(A122,Product_Mapping!$B:$D,3,FALSE) -> Hardware
A123: 7317 | B123: Nails, tacks, drawing pins, corrugated nails, staples and similar articles of iron or steel, whether or not with heads of other material (excluding such articles with heads of copper and staples in strips) | C123: 0.58 | D123: 0.5 | E123: 0.13 | F123: 0.18 | G123: 0.09 | H123: 0.09 | I123: 0.09 | J123: 0.18 | K123: 0.04 | L123: 0.05 | M123: =VLOOKUP(A123,Product_Mapping!$B:$D,3,FALSE) -> Hardware
A124: 7324 | B124: Sanitary ware, and parts thereof, of iron or steel (excl. cans, boxes and similar containers of heading 7310, small wall cabinets for medical supplies or toiletries and other furniture of chapter 94, and fittings) | C124: 0.02 | D124: 0.03 | E124: 0.03 | F124: 0.04 | G124: 0.05 | H124: 0.1 | I124: 0.16 | J124: 0.02 | K124: 0.01 | L124: 0.03 | M124: =VLOOKUP(A124,Product_Mapping!$B:$D,3,FALSE) -> Hardware
A125: 7303 | B125: Tubes, pipes and hollow profiles, of cast iron | C125: 0.04 | D125: 0.02 | E125: 0.22 | F125: 0.05 | G125: 0.03 | H125: 0.06 | I125: 0.02 | J125: 0.04 | K125: 0.05 | L125: 0.03 | M125: =VLOOKUP(A125,Product_Mapping!$B:$D,3,FALSE) -> Hardware
A126: 7316 | B126: Anchors, grapnels and parts thereof, of iron or steel | C126: 0.01 | D126: 0.04 | E126: 0.01 | F126: 0.03 | G126: 0.02 | H126: 0.01 | I126: 0 | J126: 0 | K126: 0.01 | L126: 0 | M126: =VLOOKUP(A126,Product_Mapping!$B:$D,3,FALSE) -> Hardware
A127: 7301 | B127: Sheet piling of iron or steel, whether or not drilled, punched or made from assembled elements; welded angles, shapes and sections, of iron or steel | C127: 0.14 | D127: 0.06 | E127: 0.08 | F127: 0.69 | G127: 0.08 | H127: 0.14 | I127: 0.17 | J127: 0.09 | K127: 0 | L127: 0 | M127: =VLOOKUP(A127,Product_Mapping!$B:$D,3,FALSE) -> Hardware
A128: 7305 | B128: Tubes and pipes, having circular cross-sections and an external diameter of > 406,4 mm, of flat-rolled products of iron or steel "e.g., welded, riveted or similarly closed" | C128: 0.21 | D128: 0.15 | E128: 0.04 | F128: 0.54 | G128: 0.09 | H128: 0 | I128: 0.17 | J128: 0.33 | K128: 0.07 | L128: 0 | M128: =VLOOKUP(A128,Product_Mapping!$B:$D,3,FALSE) -> Hardware
A129: 7313 | B129: Barbed wire of iron or steel; twisted hoop or single flat wire, barbed or not, and loosely twisted double wire, of a kind used for fencing, of iron or steel | C129: 0 | D129: 0 | E129: 0 | F129: 0 | G129: 0 | H129: 0 | I129: 0 | J129: 0.01 | K129: 0 | L129: 0 | M129: =VLOOKUP(A129,Product_Mapping!$B:$D,3,FALSE) -> Hardware
A130: 7403 | B130: Copper, refined, and copper alloys, unwrought (excl. copper alloys of heading 7405) | C130: 27.33 | D130: 121.33 | E130: 376.31 | F130: 676.63 | G130: 758.82 | H130: 1103.99 | I130: 942.91 | J130: 1908.09 | K130: 1994.98 | L130: 1970.11 | M130: =VLOOKUP(A130,Product_Mapping!$B:$D,3,FALSE) -> Electrical
A131: 7408 | B131: Copper wire (excl. surgical sutures, stranded wire, cables, plaited bands and the like and other articles of heading 7413, electrically insulated wires and strings for musical instruments) | C131: 13.05 | D131: 19.01 | E131: 45.25 | F131: 54.72 | G131: 77.69 | H131: 94.01 | I131: 85.6 | J131: 174.75 | K131: 102.64 | L131: 108.77 | M131: =VLOOKUP(A131,Product_Mapping!$B:$D,3,FALSE) -> Electrical
A132: 7409 | B132: Plates, sheets and strip, of copper, of a thickness of > 0,15 mm (excl. expanded sheet and strip copper and electrically insulated strip) | C132: 6.47 | D132: 8.57 | E132: 9.55 | F132: 9.04 | G132: 7.92 | H132: 15.65 | I132: 17.33 | J132: 16.86 | K132: 24.47 | L132: 25.64 | M132: =VLOOKUP(A132,Product_Mapping!$B:$D,3,FALSE) -> Electrical
A133: 7419 | B133: Other articles of copper, n.e.s. | C133: 8.29 | D133: 9.37 | E133: 15.32 | F133: 13.91 | G133: 7.79 | H133: 14 | I133: 12.89 | J133: 11.4 | K133: 11.45 | L133: 14.47 | M133: =VLOOKUP(A133,Product_Mapping!$B:$D,3,FALSE) -> Electrical
... A169: 8305 | B169: Fittings for loose-leaf binders or files, letter clips, letter corners, paper clips, indexing tags and similar office articles, of base metal (excl. drawing pins and clasps for books or registers); staples in strips, e.g. for use in offices, upholstery and packaging, of base metal | C169: 0.06 | D169: 0.07 | E169: 0.04 | F169: 0.04 | G169: 0.03 | H169: 0.05 | I169: 0.06 | J169: 0.05 | K169: 0.07 | L169: 0.1 | M169: =VLOOKUP(A169,Product_Mapping!$B:$D,3,FALSE) -> Hardware
A170: 8303 | B170: Armoured or reinforced safes, strongboxes and doors and safe deposit lockers for strongrooms, cash or deed boxes and the like, of base metal | C170: 0 | D170: 0.2 | E170: 0.01 | F170: 0.01 | G170: ≈ 0 | H170: 0 | I170: 0 | J170: 0.01 | K170: 0.01 | L170: 0.1 | M170: =VLOOKUP(A170,Product_Mapping!$B:$D,3,FALSE) -> Hardware
A171: 8306 | B171: Bells, gongs and the like, non-electric, of base metal (excl. musical instruments); statuettes and other ornaments, of base metal (excl. works of art, collectors' pieces and antiques); photograph, picture or similar frames, of base metal; mirrors of base metal (excl. optical elements) | C171: 0.02 | D171: 0.06 | E171: 0.16 | F171: 0.09 | G171: 0.02 | H171: 0 | I171: 0.02 | J171: 0.01 | K171: 0.01 | L171: 0.03 | M171: =VLOOKUP(A171,Product_Mapping!$B:$D,3,FALSE) -> Hardware
A172: 8304 | B172: Filing cabinets, card-index cabinets, paper trays, paper rests, pen trays, office-stamp stands and similar office or desk equipment, of base metal (excluding office furniture of heading 9403 and waste paper bins) | C172: 0 | D172: 0.04 | E172: 0 | F172: 0 | G172: 0 | H172: 0 | I172: 0 | J172: 0 | K172: 0 | L172: 0 | M172: =VLOOKUP(A172,Product_Mapping!$B:$D,3,FALSE) -> Hardware
A173: 8479 | B173: Machines and mechanical appliances having individual functions, not specified or included elsewhere in this chapter; parts thereof | C173: 211.21 | D173: 159.95 | E173: 369.24 | F173: 371.83 | G173: 216.75 | H173: 201.62 | I173: 199.97 | J173: 302.55 | K173: 319.68 | L173: 392.91 | M173: =VLOOKUP(A173,Product_Mapping!$B:$D,3,FALSE) -> Kitchen Fittings
A174: 8457 | B174: Machining centres, unit construction machines "single station" and multi-station transfer machines for working metal | C174: 99.32 | D174: 82.46 | E174: 221.09 | F174: 203.78 | G174: 120.76 | H174: 174.74 | I174: 127.61 | J174: 188.93 | K174: 175.4 | L174: 291.21 | M174: =VLOOKUP(A174,Product_Mapping!$B:$D,3,FALSE) -> Kitchen Fittings
A175: 8411 | B175: Turbojets, turbopropellers and other gas turbines | C175: 11.37 | D175: 13.72 | E175: 91.57 | F175: 41.3 | G175: 18.22 | H175: 64.98 | I175: 48 | J175: 95.57 | K175: 194.6 | L175: 204.3 | M175: =VLOOKUP(A175,Product_Mapping!$B:$D,3,FALSE) -> Kitchen Fittings
A176: 8443 | B176: Printing machinery used for printing by means of plates, cylinders and other printing components of heading 8442 (excl. hectograph or stencil duplicating machines, addressing machines and other office printing machines of heading 8469 to 8472); other printers, copying machines and facsimile machines, whether or not combined; parts thereof | C176: 208.99 | D176: 238.81 | E176: 151.46 | F176: 105.45 | G176: 91.71 | H176: 104.55 | I176: 153.94 | J176: 130.34 | K176: 162.18 | L176: 183.03 | M176: =VLOOKUP(A176,Product_Mapping!$B:$D,3,FALSE) -> Kitchen Fittings
A177: 8409 | B177: Parts suitable for use solely or principally with internal combustion piston engine of heading 8407 or 8408 | C177: 117.36 | D177: 130.36 | E177: 162.45 | F177: 127.39 | G177: 87.67 | H177: 122.22 | I177: 129.96 | J177: 136.18 | K177: 156.94 | L177: 182.72 | M177: =VLOOKUP(A177,Product_Mapping!$B:$D,3,FALSE) -> Kitchen Fittings
A178: 8481 | B178: Taps, cocks, valves and similar appliances for pipes, boiler shells, tanks, vats or the like, incl. pressure-reducing valves and thermostatically controlled valves; parts thereof | C178: 102.01 | D178: 108.64 | E178: 131.94 | F178: 124.62 | G178: 98.45 | H178: 159.35 | I178: 145.51 | J178: 139.4 | K178: 138.45 | L178: 170.7 | M178: =VLOOKUP(A178,Product_Mapping!$B:$D,3,FALSE) -> Kitchen Fittings
A179: 8477 | B179: Machinery for working rubber or plastics or for the manufacture of products from these materials, not specified or included elsewhere in this chapter, parts thereof | C179: 71.53 | D179: 94.01 | E179: 114.53 | F179: 180.07 | G179: 63.64 | H179: 98.57 | I179: 67.99 | J179: 98.37 | K179: 100.36 | L179: 166.53 | M179: =VLOOKUP(A179,Product_Mapping!$B:$D,3,FALSE) -> Kitchen Fittings
A180: 8414 | B180: Air or vacuum pumps (excl. gas compound elevators and pneumatic elevators and conveyors); air or other gas compressors and fans; ventilating or recycling hoods incorporating a fan, whether or not fitted with filters; gas-tight biological safety cabinets, whether or not fitted with filters; parts thereof | C180: 133.44 | D180: 78.05 | E180: 70.72 | F180: 84.58 | G180: 102.02 | H180: 97.68 | I180: 75.41 | J180: 95.06 | K180: 89.26 | L180: 142.71 | M180: =VLOOKUP(A180,Product_Mapping!$B:$D,3,FALSE) -> Kitchen Fittings
A181: 8482 | B181: Ball or roller bearings (excl. steel balls of heading 7326); parts thereof | C181: 104.77 | D181: 118.63 | E181: 133.97 | F181: 130.41 | G181: 84.29 | H181: 141.64 | I181: 145.2 | J181: 145.44 | K181: 137.24 | L181: 139.51 | M181: =VLOOKUP(A181,Product_Mapping!$B:$D,3,FALSE) -> Kitchen Fittings
A182: 8431 | B182: Parts suitable for use solely or principally with the machinery of heading 8425 to 8430, n.e.s. | C182: 75.3 | D182: 80.83 | E182: 82.91 | F182: 72.4 | G182: 54.27 | H182: 93.44 | I182: 82.93 | J182: 75.3 | K182: 86.54 | L182: 136.66 | M182: =VLOOKUP(A182,Product_Mapping!$B:$D,3,FALSE) -> Kitchen Fittings
... A255: 8403 | B255: Central heating boilers, non-electric; parts thereof (excl. vapour generating boilers and superheated water boilers of heading 8402) | C255: 0 | D255: 0 | E255: 0 | F255: 0 | G255: 0.01 | H255: 0 | I255: 0 | J255: 0 | K255: 0 | L255: 0 | M255: =VLOOKUP(A255,Product_Mapping!$B:$D,3,FALSE) -> Kitchen Fittings
A256: 8434 | B256: Milking machines and dairy machinery (excl. refrigerating or heat treatment equipment, cream separators, clarifying centrifuges, filter presses and other filtering equipment); parts thereof | C256: 0.06 | D256: 0 | E256: 0 | F256: 0 | G256: 0 | H256: 0 | I256: 0 | J256: 0 | K256: ≈ 0 | L256: 0 | M256: =VLOOKUP(A256,Product_Mapping!$B:$D,3,FALSE) -> Kitchen Fittings
A257: 8435 | B257: Presses, crushers and similar machinery used in the manufacture of wine, cider, fruit juices or similar beverages (excl. machinery for the treatment of these beverages, incl. centrifuges, filter presses, other filtering equipment and domestic appliances); parts thereof | C257: 0.03 | D257: 0.01 | E257: 0 | F257: 0 | G257: 0 | H257: 0.06 | I257: 0.13 | J257: 0 | K257: 0 | L257: 0 | M257: =VLOOKUP(A257,Product_Mapping!$B:$D,3,FALSE) -> Kitchen Fittings
A258: 8469 | B258: Typewriters and word-processing machines (excluding automatic data-processing machines and units thereof of heading 8443 and laser, thermal and electrosensitive printers) | C258: 0.15 | D258: 0 | E258: 0 | F258: 0 | G258: 0 | H258: 0 | I258: 0 | J258: 0 | K258: 0 | L258: 0 | M258: =VLOOKUP(A258,Product_Mapping!$B:$D,3,FALSE) -> Kitchen Fittings
A259: 8470 | B259: Calculating machines and pocket-size "dimensions <= 170 mm x 100 mm x 45 mm" data recording, reproducing and displaying machines with calculating functions; accounting machines, postage-franking machines, ticket-issuing machines and similar machines, incorporating a calculating device; cash registers (excl. data-processing machines of heading 8471 and automatic goods-vending machines) | C259: 2.29 | D259: 0.01 | E259: 0.62 | F259: 0.4 | G259: 0.36 | H259: 0.07 | I259: 0.02 | J259: 0.01 | K259: 0 | L259: 0 | M259: =VLOOKUP(A259,Product_Mapping!$B:$D,3,FALSE) -> Kitchen Fittings

Sheet TS_Exports
A1: HS6 Code | B1: Product Description | C1: 2016 | D1: 2017 | E1: 2018 | F1: 2019 | G1: 2020 | H1: 2021 | I1: 2022 | J1: 2023 | K1: 2024 | L1: 2025 | M1: Product Category
A2: 8517 | B2: Telephone sets, incl. smartphones and other telephones for cellular networks or for other wireless networks; other apparatus for the transmission or reception of voice, images or other data, incl. apparatus for communication in a wired or wireless network, parts thereof (excl. transmission or reception apparatus of heading 8443, 8525, 8527 or 8528) | C2: 5.33 | D2: 3.79 | E2: 1.71 | F2: 1.75 | G2: 1.76 | H2: 202.18 | I2: 275.29 | J2: 96.42 | K2: 299.04 | L2: 305.65 | M2: =VLOOKUP(A2,Product_Mapping!$B:$D,3,FALSE) -> Electrical
A3: 8544 | B3: Insulated "incl. enamelled or anodised" wire, cable "incl. coaxial cable" and other insulated electric conductors, whether or not fitted with connectors; optical fibre cables, made up of individually sheathed fibres, whether or not assembled with electric conductors or fitted with connectors | C3: 24.49 | D3: 13.66 | E3: 11.23 | F3: 17.31 | G3: 20.43 | H3: 32.26 | I3: 41.14 | J3: 44.59 | K3: 41.82 | L3: 46.2 | M3: =VLOOKUP(A3,Product_Mapping!$B:$D,3,FALSE) -> Electrical
A4: 8511 | B4: Electrical ignition or starting equipment of a kind used for spark-ignition or compression-ignition internal combustion engines, e.g. ignition magnetos, magneto-dynamos, ignition coils, sparking plugs, glow plugs and starter motors; generators, e.g. dynamos and alternators, and cut-outs of a kind used in conjunction with such engines; parts thereof | C4: 4.38 | D4: 6 | E4: 6.05 | F4: 6.32 | G4: 7.33 | H4: 11.21 | I4: 18.73 | J4: 25.59 | K4: 30.18 | L4: 34.89 | M4: =VLOOKUP(A4,Product_Mapping!$B:$D,3,FALSE) -> Electrical
A5: 8504 | B5: Electrical transformers, static converters, e.g. rectifiers, and inductors; parts thereof | C5: 7.37 | D5: 9.42 | E5: 12.95 | F5: 18.9 | G5: 11.68 | H5: 10.94 | I5: 13.36 | J5: 22.94 | K5: 22.63 | L5: 34.87 | M5: =VLOOKUP(A5,Product_Mapping!$B:$D,3,FALSE) -> Electrical
A6: 8507 | B6: Electric accumulators, incl. separators therefor, whether or not square or rectangular; parts thereof (excl. spent and those of unhardened rubber or textiles) | C6: 0.98 | D6: 1.35 | E6: 1.18 | F6: 0.33 | G6: 0.29 | H6: 5.26 | I6: 12.6 | J6: 35.4 | K6: 15 | L6: 26.19 | M6: =VLOOKUP(A6,Product_Mapping!$B:$D,3,FALSE) -> Electrical
A7: 8527 | B7: Reception apparatus for radio-broadcasting, whether or not combined, in the same housing, with sound recording or reproducing apparatus or a clock | C7: 0.03 | D7: 0.06 | E7: 0.08 | F7: 0.12 | G7: 0.05 | H7: 0.04 | I7: 2.15 | J7: 7.41 | K7: 16.18 | L7: 21.74 | M7: =VLOOKUP(A7,Product_Mapping!$B:$D,3,FALSE) -> Electrical
A8: 8525 | B8: Transmission apparatus for radio-broadcasting or television, whether or not incorporating reception apparatus or sound recording or reproducing apparatus; television cameras, digital cameras and video camera recorders | C8: 0.42 | D8: 0.31 | E8: 0.24 | F8: 0.99 | G8: 2.18 | H8: 0.39 | I8: 1.1 | J8: 3.1 | K8: 3.6 | L8: 20.38 | M8: =VLOOKUP(A8,Product_Mapping!$B:$D,3,FALSE) -> Electrical
A9: 8545 | B9: Carbon electrodes, carbon brushes, lamp carbons, battery carbons and other articles of graphite or other carbon, with or without metal, of a kind used for electrical purposes | C9: 1.6 | D9: 2.77 | E9: 4.34 | F9: 3.12 | G9: 2.99 | H9: 5.61 | I9: 4.92 | J9: 5.7 | K9: 8.15 | L9: 18.85 | M9: =VLOOKUP(A9,Product_Mapping!$B:$D,3,FALSE) -> Electrical
A10: 8537 | B10: Boards, panels, consoles, desks, cabinets and other bases, equipped with two or more apparatus of heading 8535 or 8536, for electric control or the distribution of electricity, incl. those incorporating instruments or apparatus of chapter 90, and numerical control apparatus (excl. switching apparatus for line telephony or line telegraphy) | C10: 33.79 | D10: 36.01 | E10: 39.65 | F10: 28.45 | G10: 18.43 | H10: 20.93 | I10: 23.66 | J10: 16.45 | K10: 15.14 | L10: 15.1 | M10: =VLOOKUP(A10,Product_Mapping!$B:$D,3,FALSE) -> Electrical
A11: 8536 | B11: Electrical apparatus for switching or protecting electrical circuits, or for making connections to or in electrical circuits, e.g., switches, relays, fuses, surge suppressors, plugs, sockets, lamp holders and junction boxes, for a voltage <= 1.000 V (excl. control desks, cabinets, panels etc. of heading 8537) | C11: 5.51 | D11: 5.54 | E11: 6.94 | F11: 6.94 | G11: 7.21 | H11: 9.53 | I11: 11.59 | J11: 9.45 | K11: 8.34 | L11: 9.92 | M11: =VLOOKUP(A11,Product_Mapping!$B:$D,3,FALSE) -> Electrical
A12: 8501 | B12: Electric motors and generators (excl. generating sets) | C12: 7.13 | D12: 4.77 | E12: 4.06 | F12: 5.62 | G12: 3.42 | H12: 7.57 | I12: 5.76 | J12: 5.44 | K12: 8.18 | L12: 7.9 | M12: =VLOOKUP(A12,Product_Mapping!$B:$D,3,FALSE) -> Electrical
A13: 8512 | B13: Electrical lighting or signalling equipment (excl. lamps of heading 8539), windscreen wipers, defrosters and demisters, of a kind used for cycles or motor vehicles; parts thereof | C13: 4.64 | D13: 4.6 | E13: 17.25 | F13: 4.46 | G13: 3.57 | H13: 6.62 | I13: 12.9 | J13: 10.05 | K13: 7.56 | L13: 7.02 | M13: =VLOOKUP(A13,Product_Mapping!$B:$D,3,FALSE) -> Electrical
... A39: 8547 | B39: Insulating fittings for electrical machines, appliances or equipment, being fittings wholly of insulating material apart from any minor components of metal, e.g., threaded sockets, incorporated during moulding solely for purposes of assembly (other than insulators of heading 8546); electrical conduit tubing and joints therefor, of base metal lined with insulating material | C39: 0.04 | D39: 0.13 | E39: 0.04 | F39: 0.09 | G39: 0.02 | H39: 0.02 | I39: 0.03 | J39: 0.04 | K39: 0.02 | L39: 0.04 | M39: =VLOOKUP(A39,Product_Mapping!$B:$D,3,FALSE) -> Electrical
A40: 8521 | B40: Video recording or reproducing apparatus, whether or not incorporating a video tuner (excl. video camera recorders) | C40: 0.01 | D40: 0.02 | E40: 0.02 | F40: 0 | G40: 0.02 | H40: 0.02 | I40: 0.02 | J40: 0 | K40: ≈ 0 | L40: 0.02 | M40: =VLOOKUP(A40,Product_Mapping!$B:$D,3,FALSE) -> Electrical
A41: 8524 | B41: Flat panel display modules, whether or not incorporating touch-sensitive screens | C41: 0 | D41: 0 | E41: 0 | F41: 0 | G41: 0 | H41: 0 | I41: 0.01 | J41: 0.04 | K41: 0.04 | L41: 0.02 | M41: =VLOOKUP(A41,Product_Mapping!$B:$D,3,FALSE) -> Electrical
A42: 8508 | B42: Vacuum cleaners, incl. dry cleaners and wet vacuum cleaners | C42: 0.09 | D42: 0.08 | E42: 0.06 | F42: 0.07 | G42: 0.07 | H42: 0.05 | I42: 0.07 | J42: 0.12 | K42: 0.03 | L42: 0.02 | M42: =VLOOKUP(A42,Product_Mapping!$B:$D,3,FALSE) -> Electrical
A43: 8548 | B43: Waste and scrap of primary cells, primary batteries and electric accumulators; spent primary cells, spent primary batteries and spent electric accumulators; electrical parts of machinery or apparatus, not specified or included elsewhere in chapter 85 | C43: ≈ 0 | D43: 0 | E43: 0 | F43: 0.15 | G43: 0.06 | H43: 0.02 | I43: 0.02 | J43: 0.02 | K43: 0.01 | L43: 0.01 | M43: =VLOOKUP(A43,Product_Mapping!$B:$D,3,FALSE) -> Electrical
A44: 8509 | B44: Electromechanical domestic appliances, with self-contained electric motor; parts thereof (excl. vacuum cleaners, dry and wet vacuum cleaners) | C44: 0 | D44: 0.01 | E44: 0 | F44: 0 | G44: 0 | H44: 0 | I44: 0.02 | J44: 0 | K44: 0 | L44: 0.01 | M44: =VLOOKUP(A44,Product_Mapping!$B:$D,3,FALSE) -> Electrical
A45: 8522 | B45: Parts and accessories suitable for use solely or principally with sound reproducing and recording apparatus and with video equipment for recording and reproducing pictures and sound | C45: 0.01 | D45: 0.03 | E45: 0.01 | F45: 0.01 | G45: 0 | H45: 0 | I45: 0 | J45: 0 | K45: 0.02 | L45: 0 | M45: =VLOOKUP(A45,Product_Mapping!$B:$D,3,FALSE) -> Electrical
A46: 8510 | B46: Electric shavers, hair clippers and hair-removing appliances, with self-contained electric motor; parts thereof | C46: 0 | D46: 0 | E46: 0 | F46: 0 | G46: 0 | H46: 0 | I46: ≈ 0 | J46: 0 | K46: 0 | L46: 0 | M46: =VLOOKUP(A46,Product_Mapping!$B:$D,3,FALSE) -> Electrical
A47: 8519 | B47: Sound recording or sound reproducing apparatus | C47: 0.03 | D47: 0.03 | E47: 0.03 | F47: 0.01 | G47: 0.08 | H47: 0.01 | I47: 0.02 | J47: 0 | K47: 0.05 | L47: 0 | M47: =VLOOKUP(A47,Product_Mapping!$B:$D,3,FALSE) -> Electrical
A48: 8506 | B48: Primary cells and primary batteries, electrical; parts thereof (excl. spent) | C48: 0.02 | D48: 0.02 | E48: 0.04 | F48: 0.01 | G48: 0 | H48: 0.01 | I48: 0 | J48: 0.01 | K48: 0.01 | L48: 0 | M48: =VLOOKUP(A48,Product_Mapping!$B:$D,3,FALSE) -> Electrical
A49: 8513 | B49: Portable electric lamps designed to function by their own source of energy, e.g. dry batteries, accumulators and magnetos; parts thereof (excl. lighting equipment of heading 8512) | C49: 0 | D49: ≈ 0 | E49: ≈ 0 | F49: 0.01 | G49: 0 | H49: ≈ 0 | I49: ≈ 0 | J49: 0.01 | K49: 0 | L49: 0 | M49: =VLOOKUP(A49,Product_Mapping!$B:$D,3,FALSE) -> Electrical
A50: 3926 | B50: Articles of plastics and articles of other materials of heading 3901 to 3914, n.e.s. | C50: 11.63 | D50: 10.99 | E50: 13.05 | F50: 12.29 | G50: 6.59 | H50: 7.51 | I50: 9.71 | J50: 19.29 | K50: 20.39 | L50: 22.26 | M50: =VLOOKUP(A50,Product_Mapping!$B:$D,3,FALSE) -> Plastics
A51: 3904 | B51: Polymers of vinyl chloride or of other halogenated olefins, in primary forms | C51: 0.51 | D51: 1.14 | E51: 3.73 | F51: 5.26 | G51: 3.37 | H51: 6.74 | I51: 17.35 | J51: 16.09 | K51: 23.37 | L51: 16.81 | M51: =VLOOKUP(A51,Product_Mapping!$B:$D,3,FALSE) -> Plastics
A52: 3911 | B52: Petroleum resins, coumarone-indene resins, polyterpenes, polysulphides, polysulphones and other polymers and prepolymers produced by chemical synthesis, n.e.s., in primary forms | C52: 1.27 | D52: 1.84 | E52: 6.28 | F52: 8.68 | G52: 11.47 | H52: 7.17 | I52: 3.44 | J52: 10.64 | K52: 14.17 | L52: 13.11 | M52: =VLOOKUP(A52,Product_Mapping!$B:$D,3,FALSE) -> Plastics
A53: 3920 | B53: Plates, sheets, film, foil and strip, of non-cellular plastics, not reinforced, laminated, supported or similarly combined with other materials, without backing, unworked or merely surface-worked or merely cut into squares or rectangles (excl. self-adhesive products, and floor, wall and ceiling coverings of heading 3918) | C53: 1.39 | D53: 1.38 | E53: 2.06 | F53: 2.11 | G53: 2.4 | H53: 4.95 | I53: 4.48 | J53: 5.75 | K53: 9.81 | L53: 10.93 | M53: =VLOOKUP(A53,Product_Mapping!$B:$D,3,FALSE) -> Plastics
A54: 3923 | B54: Articles for the conveyance or packaging of goods, of plastics; stoppers, lids, caps and other closures, of plastics | C54: 4.76 | D54: 3.38 | E54: 5.13 | F54: 7.62 | G54: 4.52 | H54: 7.17 | I54: 6.61 | J54: 6.09 | K54: 7.49 | L54: 10.08 | M54: =VLOOKUP(A54,Product_Mapping!$B:$D,3,FALSE) -> Plastics
A55: 3907 | B55: Polyacetals, other polyethers and epoxide resins, in primary forms; polycarbonates, alkyd resins, polyallyl esters and other polyesters, in primary forms | C55: 2.06 | D55: 17.05 | E55: 82.22 | F55: 59.8 | G55: 32.38 | H55: 10.35 | I55: 19.25 | J55: 23.59 | K55: 16.1 | L55: 9.58 | M55: =VLOOKUP(A55,Product_Mapping!$B:$D,3,FALSE) -> Plastics
A56: 3917 | B56: Tubes, pipes and hoses, and fittings therefor, e.g. joints, elbows, flanges, of plastics | C56: 0.03 | D56: 0.13 | E56: 0.28 | F56: 0.22 | G56: 0.23 | H56: 0.33 | I56: 0.71 | J56: 2.37 | K56: 4.34 | L56: 5.45 | M56: =VLOOKUP(A56,Product_Mapping!$B:$D,3,FALSE) -> Plastics
A57: 3908 | B57: Polyamides, in primary forms | C57: 6.65 | D57: 8.69 | E57: 9.87 | F57: 8.46 | G57: 4.81 | H57: 6.13 | I57: 5.26 | J57: 7.61 | K57: 5.92 | L57: 3.33 | M57: =VLOOKUP(A57,Product_Mapping!$B:$D,3,FALSE) -> Plastics
A58: 3914 | B58: Ion-exchangers based on polymers of heading 3901 to 3913, in primary forms | C58: 0.86 | D58: 1.04 | E58: 1.53 | F58: 1.81 | G58: 1.86 | H58: 2.56 | I58: 2.42 | J58: 2.05 | K58: 1.94 | L58: 1.86 | M58: =VLOOKUP(A58,Product_Mapping!$B:$D,3,FALSE) -> Plastics
A59: 3903 | B59: Polymers of styrene, in primary forms | C59: 0.31 | D59: 0.19 | E59: 0.11 | F59: 0.15 | G59: 0.24 | H59: 0.07 | I59: 0.05 | J59: 0.98 | K59: 2.22 | L59: 1.78 | M59: =VLOOKUP(A59,Product_Mapping!$B:$D,3,FALSE) -> Plastics
A60: 3921 | B60: Plates, sheets, film, foil and strip, of plastics, reinforced, laminated, supported or similarly combined with other materials, or of cellular plastic, unworked or merely surface-worked or merely cut into squares or rectangles (excl. self-adhesive products, floor, wall and ceiling coverings of heading 3918) | C60: 0.03 | D60: 0.01 | E60: 0.03 | F60: 0.03 | G60: 0.09 | H60: 0.11 | I60: 0.53 | J60: 0.36 | K60: 0.25 | L60: 0.74 | M60: =VLOOKUP(A60,Product_Mapping!$B:$D,3,FALSE) -> Plastics
A61: 3913 | B61: Natural polymers, e.g. alginic acid, and modified natural polymers, e.g. hardened proteins, chemical derivatives of natural rubber, n.e.s., in primary forms | C61: 0.11 | D61: 0.18 | E61: 0.23 | F61: 0.17 | G61: 0.15 | H61: 0.22 | I61: 0.29 | J61: 0.34 | K61: 0.57 | L61: 0.73 | M61: =VLOOKUP(A61,Product_Mapping!$B:$D,3,FALSE) -> Plastics
... A71: 3901 | B71: Polymers of ethylene, in primary forms | C71: 0.02 | D71: 0.22 | E71: 0.2 | F71: 0.53 | G71: 0.03 | H71: 0 | I71: 0.18 | J71: 0.22 | K71: 0 | L71: 0.08 | M71: =VLOOKUP(A71,Product_Mapping!$B:$D,3,FALSE) -> Plastics
A72: 3918 | B72: Floor coverings of plastics, whether or not self-adhesive, in rolls or in the form of tiles; wall or ceiling coverings of plastics, in rolls with a width of >= 45 cm, consisting of a layer of plastics fixed permanently on a backing of any material other than paper, the face side of which is grained, embossed, coloured, design-printed or otherwise decorated | C72: 0.1 | D72: 0.14 | E72: 0.04 | F72: 0.21 | G72: 0.05 | H72: 0 | I72: ≈ 0 | J72: 0 | K72: 0 | L72: 0.01 | M72: =VLOOKUP(A72,Product_Mapping!$B:$D,3,FALSE) -> Plastics
A73: 3922 | B73: Baths, shower-baths, sinks, washbasins, bidets, lavatory pans, seats and covers, flushing cisterns and similar sanitary ware, of plastics | C73: ≈ 0 | D73: ≈ 0 | E73: 0 | F73: 0 | G73: ≈ 0 | H73: ≈ 0 | I73: ≈ 0 | J73: ≈ 0 | K73: 0 | L73: 0 | M73: =VLOOKUP(A73,Product_Mapping!$B:$D,3,FALSE) -> Plastics
A74: 3925 | B74: Builders' ware of plastics, n.e.s. | C74: 0.01 | D74: 0.18 | E74: 0.19 | F74: 0.09 | G74: ≈ 0 | H74: ≈ 0 | I74: 0 | J74: 0.03 | K74: 0 | L74: 0 | M74: =VLOOKUP(A74,Product_Mapping!$B:$D,3,FALSE) -> Plastics
A75: 3915 | B75: Waste, parings and scrap, of plastics | C75: ≈ 0 | D75: 0.01 | E75: 0 | F75: ≈ 0 | G75: 0 | H75: 0.03 | I75: 0 | J75: 0 | K75: 0 | L75: 0 | M75: =VLOOKUP(A75,Product_Mapping!$B:$D,3,FALSE) -> Plastics
A76: 6802 | B76: Monumental or building stone, natural (excl. slate), worked, and articles; mosaic cubes etc. of natural stone, incl. slate, whether or not on a backing; artificially coloured granules, chippings, powder, of natural stone, incl. slate (excl. setts, curbstones, flagstones; articles of fused basalt and of fired steatite; jewellery, clocks, lamps and parts; buttons, chalks, original sculptures and statuary) | C76: 7.53 | D76: 5.25 | E76: 4.61 | F76: 4.17 | G76: 2.99 | H76: 3.43 | I76: 3.68 | J76: 3.65 | K76: 3.26 | L76: 2.93 | M76: =VLOOKUP(A76,Product_Mapping!$B:$D,3,FALSE) -> Decorative Materials
A77: 6814 | B77: Worked mica and articles of mica, incl. agglomerated or reconstituted mica, whether or not on a support of paper, paperboard or other materials (excl. electrical insulators, insulating fittings, resistors and capacitors, protective goggles of mica and their glasses, and mica in the form of Christmas tree decorations) | C77: 1.58 | D77: 1.32 | E77: 1.24 | F77: 1.38 | G77: 1.37 | H77: 1.66 | I77: 1.54 | J77: 1.3 | K77: 1.33 | L77: 1.36 | M77: =VLOOKUP(A77,Product_Mapping!$B:$D,3,FALSE) -> Decorative Materials
A78: 6806 | B78: Slag-wool, rock-wool and similar mineral wools; exfoliated vermiculite, expanded clays, foamed slag and similar expanded mineral materials; mixtures and articles of heat-insulating, sound-insulating or sound absorbing mineral materials (excl. articles of light concrete, asbestos, asbestos-cement, cellulose fibre-cement or the like, mixtures and other articles of or based on asbestos, and ceramic products) | C78: 0.02 | D78: 0.04 | E78: 0.12 | F78: 1.22 | G78: 0.75 | H78: 1.14 | I78: 1.39 | J78: 1.64 | K78: 1.7 | L78: 1.31 | M78: =VLOOKUP(A78,Product_Mapping!$B:$D,3,FALSE) -> Decorative Materials
A79: 6815 | B79: Articles of stone or of other mineral substances, incl. carbon fibres, articles of carbon fibres and articles of peat, n.e.s. | C79: 0.78 | D79: 0.7 | E79: 0.88 | F79: 0.76 | G79: 3.32 | H79: 2.78 | I79: 7.97 | J79: 1.53 | K79: 1.32 | L79: 0.82 | M79: =VLOOKUP(A79,Product_Mapping!$B:$D,3,FALSE) -> Decorative Materials
A80: 6813 | B80: Friction material and articles thereof, e.g., sheets, rolls, strips, segments, discs, washers, pads, not mounted, for brakes, clutches or the like, with a basis of asbestos, other mineral substances or cellulose, whether or not combined with textile or other materials (excl. mounted friction material) | C80: 0.29 | D80: 0.25 | E80: 0.22 | F80: 0.25 | G80: 0.31 | H80: 0.96 | I80: 1 | J80: 0.76 | K80: 0.61 | L80: 0.73 | M80: =VLOOKUP(A80,Product_Mapping!$B:$D,3,FALSE) -> Decorative Materials
A81: 6804 | B81: Millstones, grindstones, grinding wheels and the like, without frameworks, for milling, grinding, pulping, sharpening, polishing, trueing or cutting, hand sharpening or polishing stones, and parts thereof, of natural stone, of agglomerated natural or artificial abrasives, or of ceramics, with or without parts of other materials (excl. perfumed pumice stones and grinding wheels etc. specifically for dental drill engines) | C81: 0.45 | D81: 0.43 | E81: 0.48 | F81: 0.53 | G81: 0.37 | H81: 0.47 | I81: 0.43 | J81: 0.49 | K81: 0.37 | L81: 0.39 | M81: =VLOOKUP(A81,Product_Mapping!$B:$D,3,FALSE) -> Decorative Materials
A82: 6803 | B82: Worked slate and articles of slate or of agglomerated slate (excluding slate granules, chippings and powder, mosaic cubes and the like, slate pencils, and ready-to-use slates or boards with writing or drawing surfaces) | C82: 0.1 | D82: 0.14 | E82: 0.31 | F82: 0.6 | G82: 0.43 | H82: 0.43 | I82: 0.35 | J82: 0.42 | K82: 0.32 | L82: 0.29 | M82: =VLOOKUP(A82,Product_Mapping!$B:$D,3,FALSE) -> Decorative Materials
A83: 6801 | B83: Setts, curbstones and flagstones, of natural stone (excluding slate) | C83: 0.01 | D83: 0.01 | E83: 0.13 | F83: 0.09 | G83: 0.12 | H83: 0.24 | I83: 0.22 | J83: 0.22 | K83: 0.24 | L83: 0.19 | M83: =VLOOKUP(A83,Product_Mapping!$B:$D,3,FALSE) -> #N/A
A84: 6805 | B84: Natural or artificial abrasive powder or grain, on a base of textile material, paper, paperboard or other materials, whether or not cut to shape or sewn or otherwise made up | C84: ≈ 0 | D84: ≈ 0 | E84: 0.11 | F84: 0.04 | G84: 0.01 | H84: 0 | I84: 0 | J84: ≈ 0 | K84: 0.01 | L84: 0.01 | M84: =VLOOKUP(A84,Product_Mapping!$B:$D,3,FALSE) -> Decorative Materials
A85: 6808 | B85: Panels, boards, tiles, blocks and similar articles of vegetable fibre, of straw or of shavings, chips, particles, sawdust or other waste of wood, agglomerated with cement, plaster or other mineral binders (excluding articles of asbestos-cement, cellulose fibre-cement or the like) | C85: 0 | D85: 0 | E85: 0 | F85: 0.06 | G85: 0.03 | H85: 0.06 | I85: 0.05 | J85: 0 | K85: 0 | L85: 0 | M85: =VLOOKUP(A85,Product_Mapping!$B:$D,3,FALSE) -> Decorative Materials
A86: 6809 | B86: Articles of plaster or of compositions based on plaster (excl. plaster bandages for straightening fractures, put up for retail sale; plaster splints for the treatment of fractures; lightweight with plaster agglomerated building boards or articles for heat-insulation, sound-insulation or sound absorption; anatomic and other models for demonstration purposes; original sculptures and statuary) | C86: 0 | D86: 0 | E86: 0 | F86: 0 | G86: 0 | H86: 0 | I86: 0 | J86: 0 | K86: 0 | L86: 0 | M86: =VLOOKUP(A86,Product_Mapping!$B:$D,3,FALSE) -> Decorative Materials
A87: 6807 | B87: Articles of asphalt or of similar materials, e.g. petroleum bitumen or coal tar pitch | C87: 0 | D87: 0 | E87: 0 | F87: 0 | G87: 0 | H87: 0 | I87: 0 | J87: ≈ 0 | K87: 0 | L87: 0 | M87: =VLOOKUP(A87,Product_Mapping!$B:$D,3,FALSE) -> Decorative Materials
A88: 6810 | B88: Articles of cement, concrete or artificial stone, whether or not reinforced | C88: 0.01 | D88: ≈ 0 | E88: 0 | F88: 0.01 | G88: 0.02 | H88: 0.04 | I88: 0.04 | J88: 0.01 | K88: 0.02 | L88: 0 | M88: =VLOOKUP(A88,Product_Mapping!$B:$D,3,FALSE) -> Decorative Materials
A89: 6811 | B89: Articles of asbestos-cement, cellulose fibre-cement or the like | C89: 0 | D89: ≈ 0 | E89: 0 | F89: 0 | G89: ≈ 0 | H89: 0 | I89: 0 | J89: 0 | K89: 0 | L89: 0 | M89: =VLOOKUP(A89,Product_Mapping!$B:$D,3,FALSE) -> Decorative Materials
A90: 6812 | B90: Fabricated asbestos fibres; mixtures with a basis of asbestos or with a basis of asbestos and magnesium carbonate; articles of such mixtures or of asbestos, e.g., thread, woven fabric, clothing, headgear, footwear, gaskets, whether or not reinforced (excl. friction material with a basis of asbestos, and articles of asbestos-cement) | C90: 0 | D90: ≈ 0 | E90: ≈ 0 | F90: ≈ 0 | G90: 0 | H90: ≈ 0 | I90: ≈ 0 | J90: 0 | K90: 0 | L90: 0 | M90: =VLOOKUP(A90,Product_Mapping!$B:$D,3,FALSE) -> Decorative Materials
A91: 6910 | B91: Ceramic sinks, washbasins, washbasin pedestals, baths, bidets, water closet pans, flushing cisterns, urinals and similar sanitary fixtures (excl. soap dishes, sponge holders, tooth-brush holders, towel hooks and toilet paper holders) | C91: 0.02 | D91: 5.39 | E91: 8.18 | F91: 13.63 | G91: 6.42 | H91: 6.17 | I91: 9.05 | J91: 8.19 | K91: 4.01 | L91: 9.58 | M91: =VLOOKUP(A91,Product_Mapping!$B:$D,3,FALSE) -> Sanitary
A92: 6902 | B92: Refractory bricks, blocks, tiles and similar refractory ceramic constructional goods (excl. those of siliceous fossil meals or similar siliceous earths) | C92: 0.32 | D92: 1.06 | E92: 4.1 | F92: 4.42 | G92: 2.31 | H92: 5.47 | I92: 2.63 | J92: 3.51 | K92: 4.82 | L92: 4.03 | M92: =VLOOKUP(A92,Product_Mapping!$B:$D,3,FALSE) -> Sanitary
A93: 6907 | B93: Ceramic flags and paving, hearth or wall tiles; ceramic mosaic cubes and the like, whether or not on a backing (excl. of siliceous fossil meals or similar siliceous earths, refractory goods, tiles specially adapted as table mats, ornamental articles and tiles specifically manufactured for stoves) | C93: 0 | D93: 0 | E93: 0.01 | F93: 0.02 | G93: 0.1 | H93: 0.19 | I93: 0.16 | J93: 0.26 | K93: 0.31 | L93: 0.47 | M93: =VLOOKUP(A93,Product_Mapping!$B:$D,3,FALSE) -> Sanitary
A94: 6903 | B94: Retorts, crucibles, mufflers, nozzles, plugs, supports, cupels, tubes, pipes, sheaths, rods, slide gates and other refractory ceramic goods (excl. those of siliceous fossil meals or of similar siliceous earths, and refractory bricks, blocks, tiles and similar refractory ceramic constructional goods) | C94: 0.16 | D94: 0.16 | E94: 0.16 | F94: 0.22 | G94: 0.16 | H94: 0.62 | I94: 0.69 | J94: 0.97 | K94: 0.26 | L94: 0.4 | M94: =VLOOKUP(A94,Product_Mapping!$B:$D,3,FALSE) -> Sanitary
A95: 6912 | B95: Tableware, kitchenware, other household articles and toilet articles, of ceramics other than porcelain or china (excluding baths, bidets, sinks and similar sanitary fixtures, statuettes and other ornamental articles, pots, jars, carboys and similar receptacles for the conveyance or packing of goods, and coffee grinders and spice mills with receptacles made of ceramics and working parts of metal) | C95: 0.02 | D95: 0.02 | E95: 0.08 | F95: 0.09 | G95: 0.1 | H95: 0.1 | I95: 0.08 | J95: 0.15 | K95: 0.11 | L95: 0.07 | M95: =VLOOKUP(A95,Product_Mapping!$B:$D,3,FALSE) -> Sanitary
A96: 6909 | B96: Ceramic wares for laboratory, chemical or other technical uses; ceramic troughs, tubs and similar receptacles used in agriculture; ceramic pots, jars and similar articles used for the conveyance or packing of goods (excl. millstones, polishing stones, grindstones and the like of heading 6804; refractory ceramic goods; household articles; containers for shops; electrical devices, insulators and other insulating fittings) | C96: 0.14 | D96: 0.06 | E96: 0 | F96: 0.02 | G96: 0.01 | H96: 0.01 | I96: 0.05 | J96: 0.04 | K96: 0.04 | L96: 0.04 | M96: =VLOOKUP(A96,Product_Mapping!$B:$D,3,FALSE) -> Sanitary
A97: 6913 | B97: Statuettes and other ornamental ceramic articles, n.e.s. | C97: 0.01 | D97: 0.02 | E97: 0.03 | F97: 0.01 | G97: 0.01 | H97: 0.03 | I97: 0.04 | J97: 0.03 | K97: 0.04 | L97: 0.03 | M97: =VLOOKUP(A97,Product_Mapping!$B:$D,3,FALSE) -> Sanitary
A98: 6914 | B98: Ceramic articles, n.e.s. | C98: 0.1 | D98: 0.11 | E98: 0.11 | F98: 0.84 | G98: 0.09 | H98: 0.09 | I98: 0.05 | J98: 0.04 | K98: 0.03 | L98: 0.02 | M98: =VLOOKUP(A98,Product_Mapping!$B:$D,3,FALSE) -> Sanitary
A99: 6911 | B99: Tableware, kitchenware, other household articles and toilet articles, of porcelain or china (excl. baths, bidets, sinks and similar sanitary fixtures, statuettes and other ornamental articles, pots, jars, carboys and similar receptacles for the conveyance or packing of goods, and coffee grinders and spice mills with receptacles made of ceramics and working parts of metal) | C99: 0 | D99: 0 | E99: 0.04 | F99: 0 | G99: 0 | H99: 0 | I99: 0 | J99: 0 | K99: 0.01 | L99: 0.01 | M99: =VLOOKUP(A99,Product_Mapping!$B:$D,3,FALSE) -> Sanitary
A100: 6901 | B100: Bricks, blocks, tiles and other ceramic goods of siliceous fossil meals, e.g. kieselguhr, tripolite or diatomite, or of similar siliceous earths | C100: 0.01 | D100: 0.01 | E100: 0 | F100: 0.01 | G100: 0.01 | H100: 0.02 | I100: 0.02 | J100: 0 | K100: 0 | L100: 0 | M100: =VLOOKUP(A100,Product_Mapping!$B:$D,3,FALSE) -> Sanitary
A101: 6904 | B101: Ceramic building bricks, flooring blocks, support or filler tiles and the like (excl. those of siliceous fossil meals or similar siliceous earths, refractory bricks of heading 6902, and flags and pavings, hearth and wall tiles of heading 6907 and 6908) | C101: 0 | D101: 0 | E101: 0 | F101: 0 | G101: ≈ 0 | H101: 0 | I101: 0 | J101: 0.03 | K101: 0.02 | L101: 0 | M101: =VLOOKUP(A101,Product_Mapping!$B:$D,3,FALSE) -> Sanitary
A102: 6905 | B102: Roofing tiles, chimney pots, cowls, chimney liners, architectural ornaments and other ceramic constructional goods (excl. of siliceous fossil meals or similar siliceous earths, refractory ceramic constructional components, pipes and other components for drainage and similar purposes) | C102: 0 | D102: 0 | E102: 0 | F102: 0 | G102: 0 | H102: 0 | I102: 0 | J102: 0 | K102: 0 | L102: 0 | M102: =VLOOKUP(A102,Product_Mapping!$B:$D,3,FALSE) -> Sanitary
A103: 6906 | B103: Ceramic pipes, conduits, guttering and pipe fittings (excluding of siliceous fossil meals or similar siliceous earths, refractory ceramic goods, chimney liners, pipes specifically manufactured for laboratories, insulating tubing and fittings and other piping for electrotechnical purposes) | C103: 0 | D103: 0 | E103: 0 | F103: ≈ 0 | G103: 0 | H103: 0 | I103: 0 | J103: 0 | K103: 0 | L103: 0 | M103: =VLOOKUP(A103,Product_Mapping!$B:$D,3,FALSE) -> Sanitary
A104: 6908 | B104: Glazed ceramic flags and paving, hearth or wall tiles; glazed ceramic mosaic cubes and the like, whether or not on a backing (excluding of siliceous fossil meals or similar siliceous earths, refractory ceramic goods, tiles specially adapted as table mats, ornamental articles and tiles specifically manufactured for stoves) | C104: ≈ 0 | D104: 0 | E104: 0 | F104: 0 | G104: 0 | H104: 0 | I104: 0 | J104: 0 | K104: 0 | L104: 0 | M104: =VLOOKUP(A104,Product_Mapping!$B:$D,3,FALSE) -> Sanitary
A105: 7326 | B105: Articles of iron or steel, n.e.s. (excl. cast articles) | C105: 22.71 | D105: 20.25 | E105: 24.93 | F105: 23.61 | G105: 20.45 | H105: 32.5 | I105: 31.13 | J105: 41.31 | K105: 37.44 | L105: 44.98 | M105: =VLOOKUP(A105,Product_Mapping!$B:$D,3,FALSE) -> Hardware
A106: 7308 | B106: Structures and parts of structures "e.g., bridges and bridge-sections, lock-gates, towers, lattice masts, roofs, roofing frameworks, doors and windows and their frames and thresholds for doors, shutters, balustrades, pillars and columns", of iron or steel; plates, rods, angles, shapes, sections, tubes and the like, prepared for use in structures, of iron or steel (excl. prefabricated buildings of heading 9406) | C106: 3.75 | D106: 4.82 | E106: 5.31 | F106: 4.77 | G106: 2.79 | H106: 16.46 | I106: 12.35 | J106: 5.06 | K106: 6.26 | L106: 7.32 | M106: =VLOOKUP(A106,Product_Mapping!$B:$D,3,FALSE) -> Hardware
A107: 7325 | B107: Articles of iron or steel, cast, n.e.s. | C107: 4.51 | D107: 4.56 | E107: 3.92 | F107: 3.24 | G107: 4.22 | H107: 6.28 | I107: 5.07 | J107: 5.04 | K107: 5.7 | L107: 5.13 | M107: =VLOOKUP(A107,Product_Mapping!$B:$D,3,FALSE) -> Hardware
A108: 7323 | B108: Table, kitchen or other household articles, and parts thereof, of iron or steel; iron or steel wool; pot scourers and scouring or polishing pads, gloves and the like, of iron or steel (excl. cans, boxes and similar containers of heading 7310; waste baskets; shovels, corkscrews and other articles of the nature of a work implement; articles of cutlery, spoons, ladles, forks etc. of heading 8211 to 8215; ornamental articles; sanitary ware) | C108: 3.85 | D108: 3.79 | E108: 3.59 | F108: 3.12 | G108: 3.5 | H108: 3.46 | I108: 3.12 | J108: 2.33 | K108: 2.62 | L108: 2.32 | M108: =VLOOKUP(A108,Product_Mapping!$B:$D,3,FALSE) -> Hardware
A109: 7310 | B109: Tanks, casks, drums, cans, boxes and similar containers, of iron or steel, for any material "other than compressed or liquefied gas", of a capacity of <= 300 l, not fitted with mechanical or thermal equipment, whether or not lined or heat-insulated, n.e.s. | C109: 2.69 | D109: 3.63 | E109: 2.33 | F109: 2.08 | G109: 2.31 | H109: 1.99 | I109: 2.44 | J109: 6.51 | K109: 2.37 | L109: 2.14 | M109: =VLOOKUP(A109,Product_Mapping!$B:$D,3,FALSE) -> Hardware
A110: 7307 | B110: Tube or pipe fittings "e.g. couplings, elbows, sleeves", of iron or steel | C110: 2.34 | D110: 2.28 | E110: 2.48 | F110: 1.28 | G110: 0.82 | H110: 1.85 | I110: 1.38 | J110: 1.55 | K110: 1.14 | L110: 2.08 | M110: =VLOOKUP(A110,Product_Mapping!$B:$D,3,FALSE) -> Hardware
A111: 7320 | B111: Springs and leaves for springs, of iron or steel (excl. clock and watch springs, springs for sticks and handles of umbrellas or parasols, shock absorbers and torque rod or torsion bar springs of Section 17) | C111: 2.31 | D111: 2.3 | E111: 2.64 | F111: 2.6 | G111: 1.63 | H111: 2.67 | I111: 2.47 | J111: 2.23 | K111: 1.65 | L111: 1.83 | M111: =VLOOKUP(A111,Product_Mapping!$B:$D,3,FALSE) -> Hardware
A112: 7318 | B112: Screws, bolts, nuts, coach screws, screw hooks, rivets, cotters, cotter pins, washers, incl. spring washers, and similar articles, of iron or steel (excl. lag screws, stoppers, plugs and the like, threaded) | C112: 0.71 | D112: 1.4 | E112: 2.47 | F112: 2.35 | G112: 1.07 | H112: 1.2 | I112: 1.88 | J112: 1.72 | K112: 1.09 | L112: 1.22 | M112: =VLOOKUP(A112,Product_Mapping!$B:$D,3,FALSE) -> Hardware
A113: 7301 | B113: Sheet piling of iron or steel, whether or not drilled, punched or made from assembled elements; welded angles, shapes and sections, of iron or steel | C113: 0 | D113: 0.02 | E113: 0 | F113: 0 | G113: 0.18 | H113: 0.05 | I113: 0.18 | J113: 0.06 | K113: 0.15 | L113: 0.69 | M113: =VLOOKUP(A113,Product_Mapping!$B:$D,3,FALSE) -> Hardware
A114: 7315 | B114: Chain and parts thereof, or iron or steel (excl. watch chains, necklace chains and the like, cutting and saw chain, skid chain, scraper chain for conveyors, toothed chain for textile machinery and the like, safety devices with chains for securing doors, measuring chains) | C114: 0.85 | D114: 0.28 | E114: 0.38 | F114: 0.32 | G114: 0.39 | H114: 0.68 | I114: 0.75 | J114: 0.64 | K114: 0.71 | L114: 0.56 | M114: =VLOOKUP(A114,Product_Mapping!$B:$D,3,FALSE) -> Hardware
A115: 7304 | B115: Tubes, pipes and hollow profiles, seamless, of iron or steel (excl. products of cast iron) | C115: 0.32 | D115: 1.51 | E115: 1.16 | F115: 0.56 | G115: 4.63 | H115: 1.29 | I115: 0.08 | J115: 0.41 | K115: 0.11 | L115: 0.39 | M115: =VLOOKUP(A115,Product_Mapping!$B:$D,3,FALSE) -> Hardware
A116: 7321 | B116: Stoves, ranges, grates, cookers, incl. those with subsidiary boilers for central heating, barbecues, braziers, gas rings, plate warmers and similar non-electric domestic appliances, and parts thereof of iron or steel (excl. boilers and radiators for central heating, geysers and hot water cylinders) | C116: 0.2 | D116: 0.21 | E116: 0.1 | F116: 0.14 | G116: 0.17 | H116: 0.29 | I116: 0.18 | J116: 0.13 | K116: 0.23 | L116: 0.35 | M116: =VLOOKUP(A116,Product_Mapping!$B:$D,3,FALSE) -> Hardware
... A119: 7309 | B119: Reservoirs, tanks, vats and similar containers, of iron or steel, for any material "other than compressed or liquefied gas", of a capacity of > 300 l, not fitted with mechanical or thermal equipment, whether or not lined or heat-insulated (excluding containers specifically constructed or equipped for one or more types of transport) | C119: 0.29 | D119: 0.08 | E119: 0.01 | F119: 0.08 | G119: 0.01 | H119: 0.03 | I119: 0 | J119: 0.01 | K119: 0 | L119: 0.22 | M119: =VLOOKUP(A119,Product_Mapping!$B:$D,3,FALSE) -> Hardware
A120: 7302 | B120: Railway or tramway track construction material of iron or steel, the following : rails, check-rails and rack rails, switch blades, crossing frogs, point rods and other crossing pieces, sleepers "cross-ties", fish-plates, chairs, chair wedges, sole plates "base plates", rail clips, bedplates, ties and other material specialised for jointing or fixing rails | C120: 0 | D120: 0 | E120: ≈ 0 | F120: ≈ 0 | G120: ≈ 0 | H120: 0 | I120: ≈ 0 | J120: ≈ 0 | K120: 0.11 | L120: 0.12 | M120: =VLOOKUP(A120,Product_Mapping!$B:$D,3,FALSE) -> Hardware
A121: 7312 | B121: Stranded wire, ropes, cables, plaited bands, slings and the like, of iron or steel (excl. electrically insulated products and twisted fencing wire and barbed wire) | C121: ≈ 0 | D121: 0 | E121: ≈ 0 | F121: 0.01 | G121: 0 | H121: 0.01 | I121: 0.01 | J121: 0.02 | K121: 0 | L121: 0.03 | M121: =VLOOKUP(A121,Product_Mapping!$B:$D,3,FALSE) -> Hardware
A122: 7311 | B122: Containers of iron or steel, for compressed or liquefied gas (excluding containers specifically constructed or equipped for one or more types of transport) | C122: 0.67 | D122: 1.33 | E122: 0.18 | F122: 0.04 | G122: 0.04 | H122: 0.03 | I122: 1.05 | J122: 4.09 | K122: 0 | L122: 0.01 | M122: =VLOOKUP(A122,Product_Mapping!$B:$D,3,FALSE) -> Hardware
A123: 7317 | B123: Nails, tacks, drawing pins, corrugated nails, staples and similar articles of iron or steel, whether or not with heads of other material (excluding such articles with heads of copper and staples in strips) | C123: 0.01 | D123: 0.02 | E123: 0 | F123: 0 | G123: 0 | H123: 0 | I123: 0 | J123: 0 | K123: 0 | L123: 0.01 | M123: =VLOOKUP(A123,Product_Mapping!$B:$D,3,FALSE) -> Hardware
A124: 7324 | B124: Sanitary ware, and parts thereof, of iron or steel (excl. cans, boxes and similar containers of heading 7310, small wall cabinets for medical supplies or toiletries and other furniture of chapter 94, and fittings) | C124: 0 | D124: ≈ 0 | E124: 0 | F124: ≈ 0 | G124: 0 | H124: 0 | I124: ≈ 0 | J124: 0 | K124: 0 | L124: 0.01 | M124: =VLOOKUP(A124,Product_Mapping!$B:$D,3,FALSE) -> Hardware
A125: 7316 | B125: Anchors, grapnels and parts thereof, of iron or steel | C125: 0.11 | D125: 0.11 | E125: 0.09 | F125: 0.09 | G125: 0 | H125: ≈ 0 | I125: 0.11 | J125: 0.03 | K125: 0.04 | L125: 0 | M125: =VLOOKUP(A125,Product_Mapping!$B:$D,3,FALSE) -> Hardware
A126: 7303 | B126: Tubes, pipes and hollow profiles, of cast iron | C126: 0 | D126: 0 | E126: 0 | F126: 0 | G126: 0 | H126: 0 | I126: 0 | J126: 0 | K126: 0 | L126: 0 | M126: =VLOOKUP(A126,Product_Mapping!$B:$D,3,FALSE) -> Hardware
A127: 7305 | B127: Tubes and pipes, having circular cross-sections and an external diameter of > 406,4 mm, of flat-rolled products of iron or steel "e.g., welded, riveted or similarly closed" | C127: ≈ 0 | D127: ≈ 0 | E127: 0 | F127: ≈ 0 | G127: 0 | H127: 0 | I127: ≈ 0 | J127: 0 | K127: 0 | L127: 0 | M127: =VLOOKUP(A127,Product_Mapping!$B:$D,3,FALSE) -> Hardware
A128: 7314 | B128: Cloth, incl. endless bands, grill, netting and fencing, of iron or steel wire, expanded metal of iron or steel (excl. woven products of metal fibres of a kind used for cladding, lining or similar purposes) | C128: ≈ 0 | D128: 0.01 | E128: 0.03 | F128: ≈ 0 | G128: ≈ 0 | H128: ≈ 0 | I128: 0.01 | J128: ≈ 0 | K128: 0 | L128: 0 | M128: =VLOOKUP(A128,Product_Mapping!$B:$D,3,FALSE) -> Hardware
A129: 7322 | B129: Radiators for central heating, non-electrically heated, and parts thereof, of iron or steel; air heaters and hot-air distributors, incl. distributors which can also distribute fresh or conditioned air, non-electrically heated, incorporating a motor-driven fan or blower, and parts thereof, of iron or steel | C129: 0 | D129: 0 | E129: 0 | F129: ≈ 0 | G129: 0 | H129: 0 | I129: 0.01 | J129: 0 | K129: 0 | L129: 0 | M129: =VLOOKUP(A129,Product_Mapping!$B:$D,3,FALSE) -> Hardware
A130: 7404 | B130: Waste and scrap, of copper (excluding ingots or other similar unwrought shapes, of remelted copper waste and scrap, ashes and residues containing copper, and waste and scrap of primary cells, primary batteries and electric accumulators) | C130: 4.54 | D130: 4.18 | E130: 3.42 | F130: 4.26 | G130: 3.43 | H130: 6.41 | I130: 8.46 | J130: 7.11 | K130: 7.84 | L130: 14.03 | M130: =VLOOKUP(A130,Product_Mapping!$B:$D,3,FALSE) -> Electrical
A131: 7419 | B131: Other articles of copper, n.e.s. | C131: 0.84 | D131: 0.84 | E131: 0.91 | F131: 0.98 | G131: 0.87 | H131: 1.17 | I131: 1.26 | J131: 0.97 | K131: 0.75 | L131: 0.78 | M131: =VLOOKUP(A131,Product_Mapping!$B:$D,3,FALSE) -> Electrical
A132: 7403 | B132: Copper, refined, and copper alloys, unwrought (excl. copper alloys of heading 7405) | C132: 0 | D132: 0.02 | E132: 0.03 | F132: 0.02 | G132: 0.12 | H132: 0.33 | I132: 0.69 | J132: 1.2 | K132: 1.07 | L132: 0.63 | M132: =VLOOKUP(A132,Product_Mapping!$B:$D,3,FALSE) -> Electrical
A133: 7408 | B133: Copper wire (excl. surgical sutures, stranded wire, cables, plaited bands and the like and other articles of heading 7413, electrically insulated wires and strings for musical instruments) | C133: 0.17 | D133: 0.25 | E133: 0.26 | F133: 0.1 | G133: 0.09 | H133: 0.21 | I133: 0.54 | J133: 0.15 | K133: 0.24 | L133: 0.24 | M133: =VLOOKUP(A133,Product_Mapping!$B:$D,3,FALSE) -> Electrical
A134: 7406 | B134: Powders and flakes, of copper (excl. grains of copper and spangles of heading 8308) | C134: 0.04 | D134: 0.05 | E134: 0.03 | F134: 0.03 | G134: 0.01 | H134: 0.01 | I134: 0.01 | J134: 0 | K134: 0.02 | L134: 0.23 | M134: =VLOOKUP(A134,Product_Mapping!$B:$D,3,FALSE) -> Electrical
A135: 7412 | B135: Copper tube or pipe fittings "e.g., couplings, elbows, sleeves" | C135: ≈ 0 | D135: 0 | E135: 0 | F135: ≈ 0 | G135: 0.01 | H135: 0.01 | I135: ≈ 0 | J135: 0.03 | K135: 0.06 | L135: 0.07 | M135: =VLOOKUP(A135,Product_Mapping!$B:$D,3,FALSE) -> Electrical
A136: 7402 | B136: Copper, unrefined; copper anodes for electrolytic refining | C136: 0 | D136: 0 | E136: 0 | F136: 0 | G136: 0 | H136: ≈ 0 | I136: 0 | J136: 0 | K136: 0.01 | L136: 0.07 | M136: =VLOOKUP(A136,Product_Mapping!$B:$D,3,FALSE) -> Electrical
...

Sheet TI_Imports
A1: HS6 Code | B1: Product Descripton | C1: Import Value (USD Thousands) | D1: Quantity | E1: Units | F1: Unit Valure | G1: Units2 | H1: Share in India's imports (%) | I1: Annual growth in import (2021-2025) (%) | J1: Annual growth in quantity (2021-2025)
A2: 8542 | B2: Electronic integrated circuits; parts thereof | C2: 445839 | D2: 645673690 | E2: Units | F2: 0.69 | G2: Units | H2: 1.56 | I2: 33 | J2: n/a
A3: 8536 | B3: Electrical apparatus for switching or protecting electrical circuits, or for making connections to or in electrical circuits, e.g., switches, relays, fuses, surge suppressors, plugs, sockets, lamp holders and junction boxes, for a voltage <= 1.000 V (excl. control desks, cabinets, panels etc. of heading 8537) | C3: 247932 | D3: 6522195392 | E3: Units | F3: 0.04 | G3: Units | H3: 7.25 | I3: 10 | J3: n/a
A4: 8541 | B4: Semiconductor devices "e.g. diodes, transistors, semiconductor-based transducers"; photosensitive semiconductor devices, incl. photovoltaic cells whether or not assembled in modules or made up into panels (excl. photovoltaic generators); light emitting diodes "LED", whether or not assembled with other light-emitting diodes "LED"; mounted piezoelectric crystals; parts thereof | C4: 219166 | D4: 1712779972 | E4: Units | F4: 0.13 | G4: Units | H4: 3.62 | I4: 17 | J4: n/a
A5: 8504 | B5: Electrical transformers, static converters, e.g. rectifiers, and inductors; parts thereof | C5: 161210 | D5: 0 | E5: Mixed | F5: n/a | G5: n/a | H5: 3.76 | I5: 14 | J5: n/a
A6: 8537 | B6: Boards, panels, consoles, desks, cabinets and other bases, equipped with two or more apparatus of heading 8535 or 8536, for electric control or the distribution of electricity, incl. those incorporating instruments or apparatus of chapter 90, and numerical control apparatus (excl. switching apparatus for line telephony or line telegraphy) | C6: 132106 | D6: 3324 | E6: Tons | F6: 39,743.08 | G6: Tons | H6: 9.33 | I6: 2 | J6: 44
A7: 8515 | B7: Electric, incl. electrically heated gas, laser or other light or photon beam, ultrasonic, electron beam, magnetic pulse or plasma arc soldering, brazing or welding machines and apparatus, whether or not capable of cutting; electric machines and apparatus for hot spraying of metals, metal carbides or cermets; parts thereof (excl. guns for spraying hot materials of heading 8424) | C7: 115284 | D7: 0 | E7: Mixed | F7: n/a | G7: n/a | H7: 21.57 | I7: 20 | J7: n/a
A8: 8532 | B8: Electrical capacitors, fixed, variable or adjustable "pre-set"; parts thereof | C8: 115102 | D8: 42430156939 | E8: Units | F8: 0 | G8: Units | H8: 9.28 | I8: 37 | J8: n/a
A9: 8511 | B9: Electrical ignition or starting equipment of a kind used for spark-ignition or compression-ignition internal combustion engines, e.g. ignition magnetos, magneto-dynamos, ignition coils, sparking plugs, glow plugs and starter motors; generators, e.g. dynamos and alternators, and cut-outs of a kind used in conjunction with such engines; parts thereof | C9: 107023 | D9: 0 | E9: Mixed | F9: n/a | G9: n/a | H9: 28.84 | I9: 25 | J9: n/a
A10: 8507 | B10: Electric accumulators, incl. separators therefor, whether or not square or rectangular; parts thereof (excl. spent and those of unhardened rubber or textiles) | C10: 105776 | D10: 0 | E10: Mixed | F10: n/a | G10: n/a | H10: 2.13 | I10: 10 | J10: n/a
A11: 8501 | B11: Electric motors and generators (excl. generating sets) | C11: 79776 | D11: 7419809 | E11: Units | F11: 10.75 | G11: Units | H11: 4.48 | I11: 5 | J11: n/a
A12: 8525 | B12: Transmission apparatus for radio-broadcasting or television, whether or not incorporating reception apparatus or sound recording or reproducing apparatus; television cameras, digital cameras and video camera recorders | C12: 76798 | D12: 857591 | E12: Units | F12: 89.55 | G12: Units | H12: 3.64 | I12: 0 | J12: n/a
A13: 8538 | B13: Parts suitable for use solely or principally with the apparatus of heading 8535, 8536 or 8537, n.e.s. | C13: 74464 | D13: 0 | E13: No | F13: n/a | G13: n/a | H13: 4.71 | I13: 6 | J13: n/a
A14: 8544 | B14: Insulated "incl. enamelled or anodised" wire, cable "incl. coaxial cable" and other insulated electric conductors, whether or not fitted with connectors; optical fibre cables, made up of individually sheathed fibres, whether or not assembled with electric conductors or fitted with connectors | C14: 72371 | D14: 2506501000 | E14: Meters | F14: 288.73 | G14: 1000 meters | H14: 4.26 | I14: 20 | J14: n/a
A15: 8517 | B15: Telephone sets, incl. smartphones and other telephones for cellular networks or for other wireless networks; other apparatus for the transmission or reception of voice, images or other data, incl. apparatus for communication in a wired or wireless network, parts thereof (excl. transmission or reception apparatus of heading 8443, 8525, 8527 or 8528) | C15: 71474 | D15: 191096444 | E15: Units | F15: 0.37 | G15: Units | H15: 0.31 | I15: 10 | J15: n/a
A16: 8543 | B16: Electrical machines and apparatus, having individual functions, n.e.s. in chapter 85 and parts thereof | C16: 59854 | D16: 0 | E16: Mixed | F16: n/a | G16: n/a | H16: 5.19 | I16: 10 | J16: n/a
A17: 8547 | B17: Insulating fittings for electrical machines, appliances or equipment, being fittings wholly of insulating material apart from any minor components of metal, e.g., threaded sockets, incorporated during moulding solely for purposes of assembly (other than insulators of heading 8546); electrical conduit tubing and joints therefor, of base metal lined with insulating material | C17: 56868 | D17: 1922 | E17: Tons | F17: 29,587.93 | G17: Tons | H17: 19.82 | I17: 8 | J17: -19
A18: 8533 | B18: Electrical resistors, incl. rheostats and potentiometers (excl. heating resistors); parts thereof | C18: 36678 | D18: 4802087742 | E18: Units | F18: 0.01 | G18: Units | H18: 7.61 | I18: 21 | J18: n/a
A19: 8512 | B19: Electrical lighting or signalling equipment (excl. lamps of heading 8539), windscreen wipers, defrosters and demisters, of a kind used for cycles or motor vehicles; parts thereof | C19: 34344 | D19: 0 | E19: Mixed | F19: n/a | G19: n/a | H19: 5.82 | I19: 17 | J19: n/a
A20: 8523 | B20: Discs, tapes, solid-state non-volatile storage devices, "smart cards" and other media for the recording of sound or of other phenomena, whether or not recorded, incl. matrices and masters for the production of discs (excl. products of chapter 37) | C20: 33255 | D20: 1283038 | E20: Units | F20: 25.92 | G20: Units | H20: 2.35 | I20: 17 | J20: n/a
A21: 8503 | B21: Parts suitable for use solely or principally with electric motors and generators, electric generating sets and rotary converters, n.e.s. | C21: 29591 | D21: 59891730 | E21: Units | F21: 0.49 | G21: Units | H21: 2.38 | I21: -5 | J21: n/a
A22: 8505 | B22: Electromagnets (excl. magnets for medical use); permanent magnets and articles intended to become permanent magnets after magnetization; electromagnetic or permanent magnet chucks, clamps and similar holding devices; electromagnetic couplings, clutches and brakes; electromagnetic lifting heads; parts thereof | C22: 26216 | D22: 954 | E22: Tons | F22: 27,480.08 | G22: Tons | H22: 5.9 | I22: 16 | J22: -20
A23: 8534 | B23: Printed circuits | C23: 12117 | D23: 5636050 | E23: Units | F23: 2.15 | G23: Units | H23: 0.75 | I23: 11 | J23: n/a
A24: 8514 | B24: Industrial or laboratory electric furnaces and ovens, incl. those functioning by induction or dielectric loss; other industrial or laboratory equipment for the heat treatment of materials by induction or dielectric loss; parts thereof | C24: 11440 | D24: 0 | E24: Mixed | F24: n/a | G24: n/a | H24: 3.91 | I24: 21 | J24: n/a
A25: 8516 | B25: Electric instantaneous or storage water heaters and immersion heaters; electric space-heating apparatus and soil-heating apparatus; electro-thermic hairdressing apparatus, e.g. hairdryers, hair curlers and curling tong heaters, and hand dryers; electric smoothing irons; other electro-thermic appliances of a kind used for domestic purposes; electric heating resistors (other than those of heading 8545); parts thereof | C25: 10107 | D25: 0 | E25: No | F25: n/a | G25: n/a | H25: 1.41 | I25: 11 | J25: n/a
A26: 8540 | B26: Thermionic, cold cathode or photo-cathode valves and tubes, e.g. vacuum or vapour or gas filled valves and tubes, mercury arc rectifying valves and tubes, cathode ray tubes and television camera tubes; parts thereof | C26: 9365 | D26: 3644 | E26: Units | F26: 2,569.98 | G26: Units | H26: 21.56 | I26: 21 | J26: n/a
A27: 8545 | B27: Carbon electrodes, carbon brushes, lamp carbons, battery carbons and other articles of graphite or other carbon, with or without metal, of a kind used for electrical purposes | C27: 8380 | D27: 1632 | E27: Tons | F27: 5,134.8 | G27: Tons | H27: 2.7 | I27: -9 | J27: -5
A28: 8528 | B28: Monitors and projectors, not incorporating television reception apparatus; reception apparatus for television, whether or not incorporating radio-broadcast receivers or sound or video recording or reproducing apparatus | C28: 8188 | D28: 18783 | E28: Units | F28: 435.93 | G28: Units | H28: 0.78 | I28: 5 | J28: n/a
A29: 8530 | B29: Electrical signalling, safety or traffic control equipment for railways, tramways, roads, inland waterways, parking facilities, port installations or airfields (excl. mechanical or electromechanical equipment of heading 8608); parts thereof | C29: 8012 | D29: 0 | E29: Mixed | F29: n/a | G29: n/a | H29: 7.55 | I29: 2 | J29: n/a
A30: 8518 | B30: Microphones and stands therefor (excl. cordless microphones with built-in transmitter); loudspeakers, whether or not mounted in their enclosures; headphones and earphones, whether or not combined with a microphone, and sets consisting of a microphone and one or more loudspeakers (excl. telephone sets, hearing aids and helmets with built-in headphones, whether or not incorporating a microphone); audio-frequency electric amplifiers; electric sound amplifier sets; parts thereof | C30: 7806 | D30: 0 | E30: No | F30: n/a | G30: n/a | H30: 0.4 | I30: 18 | J30: n/a
A31: 8539 | B31: Electric filament or discharge lamps, incl. sealed beam lamp units and ultraviolet or infra-red lamps; arc lamps; light-emitting diode "LED" light sources; parts thereof | C31: 7029 | D31: 0 | E31: No | F31: n/a | G31: n/a | H31: 5.59 | I31: -8 | J31: n/a
A32: 8506 | B32: Primary cells and primary batteries, electrical; parts thereof (excl. spent) | C32: 6550 | D32: 28652225 | E32: Units | F32: 0.23 | G32: Units | H32: 5.68 | I32: 21 | J32: n/a
A33: 8531 | B33: Electric sound or visual signalling apparatus, e.g. bells, sirens, indicator panels, burglar or fire alarms (excl. those for cycles, motor vehicles and traffic signalling); parts thereof | C33: 2966 | D33: 0 | E33: No | F33: n/a | G33: n/a | H33: 0.9 | I33: 2 | J33: n/a
A34: 8546 | B34: Electrical insulators of any material (excl. insulating fittings) | C34: 2286 | D34: 119 | E34: Tons | F34: 19,210.08 | G34: Tons | H34: 1.46 | I34: 22 | J34: 61
A35: 8529 | B35: Parts suitable for use solely or principally with flat panel display modules, transmission and reception apparatus for radio-telephony, radio-telegraphy, radio-broadcasting, television, television cameras, still image video cameras and other video camera recorders, radar apparatus, radio navigational aid apparatus or radio remote control apparatus, n.e.s. | C35: 2109 | D35: 722026 | E35: Units | F35: 2.92 | G35: Units | H35: 0.82 | I35: -41 | J35: n/a
A36: 8535 | B36: Electrical apparatus for switching or protecting electrical circuits, or for making connections to or in electrical circuits, e.g., switches, fuses, lightning arresters, voltage limiters, surge suppressors, plugs and other connectors, junction boxes, for a voltage > 1.000 V (excl. control desks, cabinets, panels etc. of heading 8537) | C36: 1463 | D36: 6695052 | E36: Units | F36: 0.22 | G36: Units | H36: 0.4 | I36: 1 | J36: n/a
A37: 8527 | B37: Reception apparatus for radio-broadcasting, whether or not combined, in the same housing, with sound recording or reproducing apparatus or a clock | C37: 1398 | D37: 3373 | E37: Units | F37: 414.47 | G37: Units | H37: 0.47 | I37: 47 | J37: n/a
A38: 8526 | B38: Radar apparatus, radio navigational aid apparatus and radio remote control apparatus | C38: 653 | D38: 2273 | E38: Units | F38: 287.29 | G38: Units | H38: 0.33 | I38: 48 | J38: n/a
A39: 8521 | B39: Video recording or reproducing apparatus, whether or not incorporating a video tuner (excl. video camera recorders) | C39: 607 | D39: 496 | E39: Units | F39: 1,223.79 | G39: Units | H39: 1.55 | I39: 12 | J39: -80
A40: 8508 | B40: Vacuum cleaners, incl. dry cleaners and wet vacuum cleaners | C40: 469 | D40: 0 | E40: No | F40: n/a | G40: n/a | H40: 0.26 | I40: 60 | J40: n/a
A41: 8509 | B41: Electromechanical domestic appliances, with self-contained electric motor; parts thereof (excl. vacuum cleaners, dry and wet vacuum cleaners) | C41: 360 | D41: 0 | E41: No | F41: n/a | G41: n/a | H41: 0.37 | I41: 37 | J41: n/a
A42: 8548 | B42: Waste and scrap of primary cells, primary batteries and electric accumulators; spent primary cells, spent primary batteries and spent electric accumulators; electrical parts of machinery or apparatus, not specified or included elsewhere in chapter 85 | C42: 182 | D42: 42833 | E42: Units | F42: 4.25 | G42: Units | H42: 0.03 | I42: 234 | J42: n/a
A43: 8522 | B43: Parts and accessories suitable for use solely or principally with sound reproducing and recording apparatus and with video equipment for recording and reproducing pictures and sound | C43: 119 | D43: 0 | E43: No | F43: n/a | G43: n/a | H43: 0.19 | I43: 84 | J43: n/a
A44: 8502 | B44: Electric generating sets and rotary converters | C44: 118 | D44: 4 | E44: Units | F44: 29,500 | G44: Units | H44: 0.05 | I44: -14 | J44: n/a
A45: 8510 | B45: Electric shavers, hair clippers and hair-removing appliances, with self-contained electric motor; parts thereof | C45: 117 | D45: 0 | E45: No | F45: n/a | G45: n/a | H45: 0.13 | I45: 219 | J45: n/a
A46: 8513 | B46: Portable electric lamps designed to function by their own source of energy, e.g. dry batteries, accumulators and magnetos; parts thereof (excl. lighting equipment of heading 8512) | C46: 47 | D46: 0 | E46: Mixed | F46: n/a | G46: n/a | H46: 0.17 | I46: 15 | J46: n/a
A47: 8519 | B47: Sound recording or sound reproducing apparatus | C47: 42 | D47: 409 | E47: Units | F47: 102.69 | G47: Units | H47: 0.23 | I47: -28 | J47: n/a
A48: 3904 | B48: Polymers of vinyl chloride or of other halogenated olefins, in primary forms | C48: 456607 | D48: 485840 | E48: Tons | F48: 939.83 | G48: Tons | H48: 16.33 | I48: -9 | J48: 5
A49: 3906 | B49: Acrylic polymers, in primary forms | C49: 123426 | D49: 63003 | E49: Tons | F49: 1,959.05 | G49: Tons | H49: 15.49 | I49: 3 | J49: 7
A50: 3926 | B50: Articles of plastics and articles of other materials of heading 3901 to 3914, n.e.s. | C50: 82059 | D50: 7203 | E50: Tons | F50: 11,392.34 | G50: Tons | H50: 5.73 | I50: 9 | J50: 10
A51: 3909 | B51: Amino-resins, phenolic resins and polyurethanes, in primary forms | C51: 80258 | D51: 36678 | E51: Tons | F51: 2,188.18 | G51: Tons | H51: 8.65 | I51: 13 | J51: 20
A52: 3901 | B52: Polymers of ethylene, in primary forms | C52: 67337 | D52: 37170 | E52: Tons | F52: 1,811.6 | G52: Tons | H52: 1.96 | I52: 4 | J52: 9
A53: 3912 | B53: Cellulose and its chemical derivatives, n.e.s., in primary forms | C53: 62320 | D53: 3565 | E53: Tons | F53: 17,481.07 | G53: Tons | H53: 9.71 | I53: 5 | J53: 6
A54: 3907 | B54: Polyacetals, other polyethers and epoxide resins, in primary forms; polycarbonates, alkyd resins, polyallyl esters and other polyesters, in primary forms | C54: 61001 | D54: 14420 | E54: Tons | F54: 4,230.31 | G54: Tons | H54: 2.26 | I54: 5 | J54: 6
A55: 3902 | B55: Polymers of propylene or of other olefins, in primary forms | C55: 45103 | D55: 32307 | E55: Tons | F55: 1,396.08 | G55: Tons | H55: 2.17 | I55: 16 | J55: 28
A56: 3919 | B56: Self-adhesive plates, sheets, film, foil, tape, strip and other flat shapes, of plastics, whether or not in rolls (excl. floor, wall and ceiling coverings of heading 3918) | C56: 36089 | D56: 2538 | E56: Tons | F56: 14,219.46 | G56: Tons | H56: 4.58 | I56: 7 | J56: 5
A57: 3920 | B57: Plates, sheets, film, foil and strip, of non-cellular plastics, not reinforced, laminated, supported or similarly combined with other materials, without backing, unworked or merely surface-worked or merely cut into squares or rectangles (excl. self-adhesive products, and floor, wall and ceiling coverings of heading 3918) | C57: 35979 | D57: 7058 | E57: Tons | F57: 5,097.62 | G57: Tons | H57: 1.78 | I57: 5 | J57: 1
A58: 3905 | B58: Polymers of vinyl acetate or of other vinyl esters, in primary forms; other vinyl polymers, in primary forms | C58: 21650 | D58: 6298 | E58: Tons | F58: 3,437.6 | G58: Tons | H58: 4.86 | I58: -8 | J58: -8
A59: 3911 | B59: Petroleum resins, coumarone-indene resins, polyterpenes, polysulphides, polysulphones and other polymers and prepolymers produced by chemical synthesis, n.e.s., in primary forms | C59: 20285 | D59: 5817 | E59: Tons | F59: 3,487.19 | G59: Tons | H59: 7.89 | I59: -5 | J59: -6
... A72: 3918 | B72: Floor coverings of plastics, whether or not self-adhesive, in rolls or in the form of tiles; wall or ceiling coverings of plastics, in rolls with a width of >= 45 cm, consisting of a layer of plastics fixed permanently on a backing of any material other than paper, the face side of which is grained, embossed, coloured, design-printed or otherwise decorated | C72: 49 | D72: 4 | E72: Tons | F72: 12,250 | G72: Tons | H72: 0.06 | I72: 66 | J72: 18
A73: 3915 | B73: Waste, parings and scrap, of plastics | C73: 22 | D73: 45 | E73: Tons | F73: 488.89 | G73: Tons | H73: 0.09 | I73: n/a | J73: n/a
A74: 6813 | B74: Friction material and articles thereof, e.g., sheets, rolls, strips, segments, discs, washers, pads, not mounted, for brakes, clutches or the like, with a basis of asbestos, other mineral substances or cellulose, whether or not combined with textile or other materials (excl. mounted friction material) | C74: 22837 | D74: 519 | E74: Tons | F74: 44,001.93 | G74: Tons | H74: 31.34 | I74: 4 | J74: -1
A75: 6804 | B75: Millstones, grindstones, grinding wheels and the like, without frameworks, for milling, grinding, pulping, sharpening, polishing, trueing or cutting, hand sharpening or polishing stones, and parts thereof, of natural stone, of agglomerated natural or artificial abrasives, or of ceramics, with or without parts of other materials (excl. perfumed pumice stones and grinding wheels etc. specifically for dental drill engines) | C75: 18353 | D75: 667 | E75: Tons | F75: 27,515.74 | G75: Tons | H75: 6.42 | I75: 1 | J75: 7
A76: 6815 | B76: Articles of stone or of other mineral substances, incl. carbon fibres, articles of carbon fibres and articles of peat, n.e.s. | C76: 11090 | D76: 336 | E76: Tons | F76: 33,005.95 | G76: Tons | H76: 3.1 | I76: 4 | J76: -19
A77: 6806 | B77: Slag-wool, rock-wool and similar mineral wools; exfoliated vermiculite, expanded clays, foamed slag and similar expanded mineral materials; mixtures and articles of heat-insulating, sound-insulating or sound absorbing mineral materials (excl. articles of light concrete, asbestos, asbestos-cement, cellulose fibre-cement or the like, mixtures and other articles of or based on asbestos, and ceramic products) | C77: 8757 | D77: 557 | E77: Tons | F77: 15,721.72 | G77: Tons | H77: 9.95 | I77: 25 | J77: 2
A78: 6805 | B78: Natural or artificial abrasive powder or grain, on a base of textile material, paper, paperboard or other materials, whether or not cut to shape or sewn or otherwise made up | C78: 4277 | D78: 254 | E78: Tons | F78: 16,838.58 | G78: Tons | H78: 2.94 | I78: 6 | J78: 6
A79: 6814 | B79: Worked mica and articles of mica, incl. agglomerated or reconstituted mica, whether or not on a support of paper, paperboard or other materials (excl. electrical insulators, insulating fittings, resistors and capacitors, protective goggles of mica and their glasses, and mica in the form of Christmas tree decorations) | C79: 1717 | D79: 82 | E79: Tons | F79: 20,939.02 | G79: Tons | H79: 6.01 | I79: -4 | J79: 3
A80: 6812 | B80: Fabricated asbestos fibres; mixtures with a basis of asbestos or with a basis of asbestos and magnesium carbonate; articles of such mixtures or of asbestos, e.g., thread, woven fabric, clothing, headgear, footwear, gaskets, whether or not reinforced (excl. friction material with a basis of asbestos, and articles of asbestos-cement) | C80: 148 | D80: 5 | E80: Tons | F80: 29,600 | G80: Tons | H80: 8.66 | I80: -12 | J80: -4
A81: 6811 | B81: Articles of asbestos-cement, cellulose fibre-cement or the like | C81: 112 | D81: 88 | E81: Tons | F81: 1,272.73 | G81: Tons | H81: 1.44 | I81: -4 | J81: 47
A82: 6810 | B82: Articles of cement, concrete or artificial stone, whether or not reinforced | C82: 98 | D82: 63 | E82: Tons | F82: 1,555.56 | G82: Tons | H82: 0.51 | I82: n/a | J82: n/a
A83: 6909 | B83: Ceramic wares for laboratory, chemical or other technical uses; ceramic troughs, tubs and similar receptacles used in agriculture; ceramic pots, jars and similar articles used for the conveyance or packing of goods (excl. millstones, polishing stones, grindstones and the like of heading 6804; refractory ceramic goods; household articles; containers for shops; electrical devices, insulators and other insulating fittings) | C83: 21444 | D83: 561 | E83: Tons | F83: 38,224.6 | G83: Tons | H83: 6.26 | I83: 15 | J83: 7
A84: 6903 | B84: Retorts, crucibles, mufflers, nozzles, plugs, supports, cupels, tubes, pipes, sheaths, rods, slide gates and other refractory ceramic goods (excl. those of siliceous fossil meals or of similar siliceous earths, and refractory bricks, blocks, tiles and similar refractory ceramic constructional goods) | C84: 11405 | D84: 3714 | E84: Tons | F84: 3,070.81 | G84: Tons | H84: 14.81 | I84: -3 | J84: -26
A85: 6902 | B85: Refractory bricks, blocks, tiles and similar refractory ceramic constructional goods (excl. those of siliceous fossil meals or similar siliceous earths) | C85: 9301 | D85: 4570 | E85: Tons | F85: 2,035.23 | G85: Tons | H85: 2.84 | I85: 60 | J85: 55
A86: 6914 | B86: Ceramic articles, n.e.s. | C86: 2107 | D86: 285 | E86: Tons | F86: 7,392.98 | G86: Tons | H86: 4.39 | I86: -2 | J86: -19
A87: 6910 | B87: Ceramic sinks, washbasins, washbasin pedestals, baths, bidets, water closet pans, flushing cisterns, urinals and similar sanitary fixtures (excl. soap dishes, sponge holders, tooth-brush holders, towel hooks and toilet paper holders) | C87: 516 | D87: 55 | E87: Tons | F87: 9,381.82 | G87: Tons | H87: 0.66 | I87: 10 | J87: 31
A88: 6911 | B88: Tableware, kitchenware, other household articles and toilet articles, of porcelain or china (excl. baths, bidets, sinks and similar sanitary fixtures, statuettes and other ornamental articles, pots, jars, carboys and similar receptacles for the conveyance or packing of goods, and coffee grinders and spice mills with receptacles made of ceramics and working parts of metal) | C88: 139 | D88: 17 | E88: Tons | F88: 8,176.47 | G88: Tons | H88: 0.49 | I88: -27 | J88: -28
A89: 6912 | B89: Tableware, kitchenware, other household articles and toilet articles, of ceramics other than porcelain or china (excluding baths, bidets, sinks and similar sanitary fixtures, statuettes and other ornamental articles, pots, jars, carboys and similar receptacles for the conveyance or packing of goods, and coffee grinders and spice mills with receptacles made of ceramics and working parts of metal) | C89: 68 | D89: 6 | E89: Tons | F89: 11,333.33 | G89: Tons | H89: 0.41 | I89: -5 | J89: 16
A90: 6907 | B90: Ceramic flags and paving, hearth or wall tiles; ceramic mosaic cubes and the like, whether or not on a backing (excl. of siliceous fossil meals or similar siliceous earths, refractory goods, tiles specially adapted as table mats, ornamental articles and tiles specifically manufactured for stoves) | C90: 32 | D90: 1000 | E90: square | F90: n/a | G90: n/a | H90: 0.09 | I90: 20 | J90: n/a
A91: 6905 | B91: Roofing tiles, chimney pots, cowls, chimney liners, architectural ornaments and other ceramic constructional goods (excl. of siliceous fossil meals or similar siliceous earths, refractory ceramic constructional components, pipes and other components for drainage and similar purposes) | C91: 26 | D91: 92 | E91: Tons | F91: 282.61 | G91: Tons | H91: 0.14 | I91: -25 | J91: -34
A92: 6906 | B92: Ceramic pipes, conduits, guttering and pipe fittings (excluding of siliceous fossil meals or similar siliceous earths, refractory ceramic goods, chimney liners, pipes specifically manufactured for laboratories, insulating tubing and fittings and other piping for electrotechnical purposes) | C92: 10 | D92: 1 | E92: Tons | F92: 10,000 | G92: Tons | H92: 0.3 | I92: -25 | J92: -82
A93: 6904 | B93: Ceramic building bricks, flooring blocks, support or filler tiles and the like (excl. those of siliceous fossil meals or similar siliceous earths, refractory bricks of heading 6902, and flags and pavings, hearth and wall tiles of heading 6907 and 6908) | C93: 5 | D93: 2 | E93: Thousands | F93: 2,500 | G93: Thousands | H93: 0.15 | I93: n/a | J93: n/a
A94: 6913 | B94: Statuettes and other ornamental ceramic articles, n.e.s. | C94: 3 | D94: 0 | E94: Tons | F94: n/a | G94: n/a | H94: 0.03 | I94: n/a | J94: n/a
A95: 7318 | B95: Screws, bolts, nuts, coach screws, screw hooks, rivets, cotters, cotter pins, washers, incl. spring washers, and similar articles, of iron or steel (excl. lag screws, stoppers, plugs and the like, threaded) | C95: 149954 | D95: 20560 | E95: Tons | F95: 7,293.48 | G95: Tons | H95: 12.3 | I95: 9 | J95: -19
A96: 7302 | B96: Railway or tramway track construction material of iron or steel, the following : rails, check-rails and rack rails, switch blades, crossing frogs, point rods and other crossing pieces, sleepers "cross-ties", fish-plates, chairs, chair wedges, sole plates "base plates", rail clips, bedplates, ties and other material specialised for jointing or fixing rails | C96: 91282 | D96: 44144 | E96: Tons | F96: 2,067.82 | G96: Tons | H96: 84.7 | I96: 16 | J96: -4
A97: 7326 | B97: Articles of iron or steel, n.e.s. (excl. cast articles) | C97: 79331 | D97: 17365 | E97: Tons | F97: 4,568.44 | G97: Tons | H97: 6.53 | I97: 9 | J97: 23
A98: 7304 | B98: Tubes, pipes and hollow profiles, seamless, of iron or steel (excl. products of cast iron) | C98: 26710 | D98: 6773 | E98: Tons | F98: 3,943.6 | G98: Tons | H98: 2.76 | I98: 10 | J98: 4
A99: 7307 | B99: Tube or pipe fittings "e.g. couplings, elbows, sleeves", of iron or steel | C99: 14932 | D99: 864 | E99: Tons | F99: 17,282.41 | G99: Tons | H99: 3.5 | I99: 7 | J99: 13
A100: 7320 | B100: Springs and leaves for springs, of iron or steel (excl. clock and watch springs, springs for sticks and handles of umbrellas or parasols, shock absorbers and torque rod or torsion bar springs of Section 17) | C100: 14455 | D100: 1010 | E100: Tons | F100: 14,311.88 | G100: Tons | H100: 8.31 | I100: 3 | J100: -2
A101: 7315 | B101: Chain and parts thereof, or iron or steel (excl. watch chains, necklace chains and the like, cutting and saw chain, skid chain, scraper chain for conveyors, toothed chain for textile machinery and the like, safety devices with chains for securing doors, measuring chains) | C101: 12304 | D101: 1201 | E101: Tons | F101: 10,244.8 | G101: Tons | H101: 13.84 | I101: 14 | J101: 23
A102: 7308 | B102: Structures and parts of structures "e.g., bridges and bridge-sections, lock-gates, towers, lattice masts, roofs, roofing frameworks, doors and windows and their frames and thresholds for doors, shutters, balustrades, pillars and columns", of iron or steel; plates, rods, angles, shapes, sections, tubes and the like, prepared for use in structures, of iron or steel (excl. prefabricated buildings of heading 9406) | C102: 7342 | D102: 454825 | E102: Units | F102: 16.14 | G102: Units | H102: 1.48 | I102: -37 | J102: n/a
A103: 7306 | B103: Tubes, pipes and hollow profiles "e.g., open seam or welded, riveted or similarly closed", of iron or steel (excl. of cast iron, seamless tubes and pipes and tubes having internal and external circular cross-sections and an external diameter of > 406,4 mm) | C103: 6059 | D103: 1339 | E103: Tons | F103: 4,525.02 | G103: Tons | H103: 3.07 | I103: -10 | J103: -8
A104: 7325 | B104: Articles of iron or steel, cast, n.e.s. | C104: 4609 | D104: 957 | E104: Tons | F104: 4,816.09 | G104: Tons | H104: 6.12 | I104: 31 | J104: 60
A105: 7319 | B105: Sewing needles, knitting needles, bodkins, crochet hoods, embroidery stilettos and similar articles, for use in the hand, of iron or steel; safety pins and other pins of iron or steel, n.e.s. | C105: 4167 | D105: 263 | E105: Tons | F105: 15,844.11 | G105: Tons | H105: 17.78 | I105: 2 | J105: 3
A106: 7310 | B106: Tanks, casks, drums, cans, boxes and similar containers, of iron or steel, for any material "other than compressed or liquefied gas", of a capacity of <= 300 l, not fitted with mechanical or thermal equipment, whether or not lined or heat-insulated, n.e.s. | C106: 2617 | D106: 1329 | E106: Tons | F106: 1,969.15 | G106: Tons | H106: 4.39 | I106: 4 | J106: 0
A107: 7314 | B107: Cloth, incl. endless bands, grill, netting and fencing, of iron or steel wire, expanded metal of iron or steel (excl. woven products of metal fibres of a kind used for cladding, lining or similar purposes) | C107: 1135 | D107: 12 | E107: Tons | F107: 94,583.33 | G107: Tons | H107: 2.02 | I107: -18 | J107: -33
A108: 7312 | B108: Stranded wire, ropes, cables, plaited bands, slings and the like, of iron or steel (excl. electrically insulated products and twisted fencing wire and barbed wire) | C108: 1012 | D108: 122 | E108: Tons | F108: 8,295.08 | G108: Tons | H108: 0.33 | I108: 1 | J108: -3
A109: 7309 | B109: Reservoirs, tanks, vats and similar containers, of iron or steel, for any material "other than compressed or liquefied gas", of a capacity of > 300 l, not fitted with mechanical or thermal equipment, whether or not lined or heat-insulated (excluding containers specifically constructed or equipped for one or more types of transport) | C109: 427 | D109: 322 | E109: Tons | F109: 1,326.09 | G109: Tons | H109: 1.17 | I109: 17 | J109: 15
A110: 7322 | B110: Radiators for central heating, non-electrically heated, and parts thereof, of iron or steel; air heaters and hot-air distributors, incl. distributors which can also distribute fresh or conditioned air, non-electrically heated, incorporating a motor-driven fan or blower, and parts thereof, of iron or steel | C110: 417 | D110: 43 | E110: Tons | F110: 9,697.67 | G110: Tons | H110: 14.69 | I110: 16 | J110: 26
A111: 7311 | B111: Containers of iron or steel, for compressed or liquefied gas (excluding containers specifically constructed or equipped for one or more types of transport) | C111: 267 | D111: 30 | E111: Tons | F111: 8,900 | G111: Tons | H111: 0.37 | I111: -17 | J111: -5
A112: 7321 | B112: Stoves, ranges, grates, cookers, incl. those with subsidiary boilers for central heating, barbecues, braziers, gas rings, plate warmers and similar non-electric domestic appliances, and parts thereof of iron or steel (excl. boilers and radiators for central heating, geysers and hot water cylinders) | C112: 158 | D112: 1717 | E112: Units | F112: 92.02 | G112: Units | H112: 0.37 | I112: n/a | J112: n/a
...

Sheet TI_Exports
A1: HS6 code | B1: Product Description | C1: Export Value (USD Thousands) | D1: Quantity | E1: Units | F1: Unit Value | G1: Units2 | H1: Share in India's exports (%) | I1: Annual growth in export (2021-2025) (%) | J1: Annual growth in quantity (2021-2025)
A2: 8517 | B2: Telephone sets, incl. smartphones and other telephones for cellular networks or for other wireless networks; other apparatus for the transmission or reception of voice, images or other data, incl. apparatus for communication in a wired or wireless network, parts thereof (excl. transmission or reception apparatus of heading 8443, 8525, 8527 or 8528) | C2: 306416 | D2: 711590 | E2: Units | F2: 430.61 | G2: Units | H2: 0.91 | I2: 10 | J2: n/a
A3: 8544 | B3: Insulated "incl. enamelled or anodised" wire, cable "incl. coaxial cable" and other insulated electric conductors, whether or not fitted with connectors; optical fibre cables, made up of individually sheathed fibres, whether or not assembled with electric conductors or fitted with connectors | C3: 46314 | D3: 527861000 | E3: Meters | F3: 877.39 | G3: 1000 meters | H3: 1.68 | I3: 8 | J3: n/a
A4: 8504 | B4: Electrical transformers, static converters, e.g. rectifiers, and inductors; parts thereof | C4: 35036 | D4: 0 | E4: Mixed | H4: 1.12 | I4: 33 | J4: n/a
A5: 8511 | B5: Electrical ignition or starting equipment of a kind used for spark-ignition or compression-ignition internal combustion engines, e.g. ignition magnetos, magneto-dynamos, ignition coils, sparking plugs, glow plugs and starter motors; generators, e.g. dynamos and alternators, and cut-outs of a kind used in conjunction with such engines; parts thereof | C5: 34910 | D5: 0 | E5: Mixed | H5: 7.29 | I5: 32 | J5: n/a
A6: 8507 | B6: Electric accumulators, incl. separators therefor, whether or not square or rectangular; parts thereof (excl. spent and those of unhardened rubber or textiles) | C6: 26265 | D6: 53033 | E6: Units | F6: 495.26 | G6: Units | H6: 3.62 | I6: 40 | J6: n/a
A7: 8527 | B7: Reception apparatus for radio-broadcasting, whether or not combined, in the same housing, with sound recording or reproducing apparatus or a clock | C7: 21749 | D7: 156753 | E7: Units | F7: 138.75 | G7: Units | H7: 72.03 | I7: 343 | J7: n/a
A8: 8525 | B8: Transmission apparatus for radio-broadcasting or television, whether or not incorporating reception apparatus or sound recording or reproducing apparatus; television cameras, digital cameras and video camera recorders | C8: 20424 | D8: 201240 | E8: Units | F8: 101.49 | G8: Units | H8: 10.66 | I8: 148 | J8: n/a
A9: 8545 | B9: Carbon electrodes, carbon brushes, lamp carbons, battery carbons and other articles of graphite or other carbon, with or without metal, of a kind used for electrical purposes | C9: 18855 | D9: 5648 | E9: Tons | F9: 3,338.35 | G9: Tons | H9: 7.07 | I9: 34 | J9: 50
A10: 8537 | B10: Boards, panels, consoles, desks, cabinets and other bases, equipped with two or more apparatus of heading 8535 or 8536, for electric control or the distribution of electricity, incl. those incorporating instruments or apparatus of chapter 90, and numerical control apparatus (excl. switching apparatus for line telephony or line telegraphy) | C10: 15173 | D10: 144 | E10: Tons | F10: 105,368.06 | G10: Tons | H10: 1.44 | I10: -10 | J10: -7
A11: 8536 | B11: Electrical apparatus for switching or protecting electrical circuits, or for making connections to or in electrical circuits, e.g., switches, relays, fuses, surge suppressors, plugs, sockets, lamp holders and junction boxes, for a voltage <= 1.000 V (excl. control desks, cabinets, panels etc. of heading 8537) | C11: 10015 | D11: 0 | E11: No | H11: 0.68 | I11: -2 | J11: n/a
A12: 8501 | B12: Electric motors and generators (excl. generating sets) | C12: 7953 | D12: 0 | E12: No | H12: 0.9 | I12: 5 | J12: n/a
A13: 8512 | B13: Electrical lighting or signalling equipment (excl. lamps of heading 8539), windscreen wipers, defrosters and demisters, of a kind used for cycles or motor vehicles; parts thereof | C13: 7062 | D13: 0 | E13: Mixed | H13: 2.36 | I13: -4 | J13: n/a
A14: 8503 | B14: Parts suitable for use solely or principally with electric motors and generators, electric generating sets and rotary converters, n.e.s. | C14: 4471 | D14: 294294 | E14: Units | F14: 15.19 | G14: Units | H14: 0.32 | I14: 0 | J14: n/a
A15: 8538 | B15: Parts suitable for use solely or principally with the apparatus of heading 8535, 8536 or 8537, n.e.s. | C15: 3791 | D15: 0 | E15: No | H15: 0.24 | I15: -8 | J15: n/a
A16: 8502 | B16: Electric generating sets and rotary converters | C16: 2504 | D16: 0 | E16: No | H16: 0.32 | I16: 12 | J16: n/a
A17: 8542 | B17: Electronic integrated circuits; parts thereof | C17: 2410 | D17: 0 | E17: No | H17: 0.99 | I17: 25 | J17: n/a
A18: 8546 | B18: Electrical insulators of any material (excl. insulating fittings) | C18: 1743 | D18: 65 | E18: Tons | F18: 26,815.38 | G18: Tons | H18: 0.91 | I18: 0 | J18: 1
A19: 8541 | B19: Semiconductor devices "e.g. diodes, transistors, semiconductor-based transducers"; photosensitive semiconductor devices, incl. photovoltaic cells whether or not assembled in modules or made up into panels (excl. photovoltaic generators); light emitting diodes "LED", whether or not assembled with other light-emitting diodes "LED"; mounted piezoelectric crystals; parts thereof | C19: 1227 | D19: 0 | E19: No | H19: 0.09 | I19: 44 | J19: n/a
A20: 8523 | B20: Discs, tapes, solid-state non-volatile storage devices, "smart cards" and other media for the recording of sound or of other phenomena, whether or not recorded, incl. matrices and masters for the production of discs (excl. products of chapter 37) | C20: 1007 | D20: 0 | E20: No | H20: 0.56 | I20: 29 | J20: n/a
A21: 8543 | B21: Electrical machines and apparatus, having individual functions, n.e.s. in chapter 85 and parts thereof | C21: 802 | D21: 0 | E21: No | H21: 0.3 | I21: 7 | J21: n/a
A22: 8533 | B22: Electrical resistors, incl. rheostats and potentiometers (excl. heating resistors); parts thereof | C22: 713 | D22: 0 | E22: No | H22: 1.23 | I22: 12 | J22: n/a
A23: 8505 | B23: Electromagnets (excl. magnets for medical use); permanent magnets and articles intended to become permanent magnets after magnetization; electromagnetic or permanent magnet chucks, clamps and similar holding devices; electromagnetic couplings, clutches and brakes; electromagnetic lifting heads; parts thereof | C23: 628 | D23: 24 | E23: Tons | F23: 26,166.67 | G23: Tons | H23: 1.04 | I23: 13 | J23: 14
A24: 8518 | B24: Microphones and stands therefor (excl. cordless microphones with built-in transmitter); loudspeakers, whether or not mounted in their enclosures; headphones and earphones, whether or not combined with a microphone, and sets consisting of a microphone and one or more loudspeakers (excl. telephone sets, hearing aids and helmets with built-in headphones, whether or not incorporating a microphone); audio-frequency electric amplifiers; electric sound amplifier sets; parts thereof | C24: 539 | D24: 0 | E24: No | H24: 0.24 | I24: 6 | J24: n/a
A25: 8548 | B25: Waste and scrap of primary cells, primary batteries and electric accumulators; spent primary cells, spent primary batteries and spent electric accumulators; electrical parts of machinery or apparatus, not specified or included elsewhere in chapter 85 | C25: 512 | D25: 0 | E25: No | H25: 18.33 | I25: 170 | J25: n/a
A26: 8528 | B26: Monitors and projectors, not incorporating television reception apparatus; reception apparatus for television, whether or not incorporating radio-broadcast receivers or sound or video recording or reproducing apparatus | C26: 491 | D26: 0 | E26: No | H26: 0.27 | I26: 46 | J26: n/a
A27: 8516 | B27: Electric instantaneous or storage water heaters and immersion heaters; electric space-heating apparatus and soil-heating apparatus; electro-thermic hairdressing apparatus, e.g. hairdryers, hair curlers and curling tong heaters, and hand dryers; electric smoothing irons; other electro-thermic appliances of a kind used for domestic purposes; electric heating resistors (other than those of heading 8545); parts thereof | C27: 372 | D27: 0 | E27: No | H27: 0.24 | I27: -34 | J27: n/a
A28: 8534 | B28: Printed circuits | C28: 306 | D28: 0 | E28: No | H28: 0.18 | I28: 13 | J28: n/a
A29: 8514 | B29: Industrial or laboratory electric furnaces and ovens, incl. those functioning by induction or dielectric loss; other industrial or laboratory equipment for the heat treatment of materials by induction or dielectric loss; parts thereof | C29: 303 | D29: 0 | E29: No | H29: 0.22 | I29: 3 | J29: n/a
A30: 8532 | B30: Electrical capacitors, fixed, variable or adjustable "pre-set"; parts thereof | C30: 244 | D30: 0 | E30: No | H30: 0.16 | I30: -5 | J30: n/a
A31: 8531 | B31: Electric sound or visual signalling apparatus, e.g. bells, sirens, indicator panels, burglar or fire alarms (excl. those for cycles, motor vehicles and traffic signalling); parts thereof | C31: 208 | D31: 0 | E31: No | H31: 0.24 | I31: 106 | J31: n/a
A32: 8540 | B32: Thermionic, cold cathode or photo-cathode valves and tubes, e.g. vacuum or vapour or gas filled valves and tubes, mercury arc rectifying valves and tubes, cathode ray tubes and television camera tubes; parts thereof | C32: 199 | D32: 0 | E32: Mixed | H32: 2.2 | I32: 22 | J32: n/a
A33: 8515 | B33: Electric, incl. electrically heated gas, laser or other light or photon beam, ultrasonic, electron beam, magnetic pulse or plasma arc soldering, brazing or welding machines and apparatus, whether or not capable of cutting; electric machines and apparatus for hot spraying of metals, metal carbides or cermets; parts thereof (excl. guns for spraying hot materials of heading 8424) | C33: 193 | D33: 0 | E33: No | H33: 0.21 | I33: -21 | J33: n/a
A34: 8530 | B34: Electrical signalling, safety or traffic control equipment for railways, tramways, roads, inland waterways, parking facilities, port installations or airfields (excl. mechanical or electromechanical equipment of heading 8608); parts thereof | C34: 145 | D34: 0 | E34: No | H34: 0.46 | I34: -38 | J34: n/a
A35: 8529 | B35: Parts suitable for use solely or principally with flat panel display modules, transmission and reception apparatus for radio-telephony, radio-telegraphy, radio-broadcasting, television, television cameras, still image video cameras and other video camera recorders, radar apparatus, radio navigational aid apparatus or radio remote control apparatus, n.e.s. | C35: 82 | D35: 0 | E35: No | H35: 0.24 | I35: -60 | J35: n/a
... A37: 8535 | B37: Electrical apparatus for switching or protecting electrical circuits, or for making connections to or in electrical circuits, e.g., switches, fuses, lightning arresters, voltage limiters, surge suppressors, plugs and other connectors, junction boxes, for a voltage > 1.000 V (excl. control desks, cabinets, panels etc. of heading 8537) | C37: 53 | D37: 0 | E37: No | H37: 0.02 | I37: -72 | J37: n/a
A38: 8547 | B38: Insulating fittings for electrical machines, appliances or equipment, being fittings wholly of insulating material apart from any minor components of metal, e.g., threaded sockets, incorporated during moulding solely for purposes of assembly (other than insulators of heading 8546); electrical conduit tubing and joints therefor, of base metal lined with insulating material | C38: 48 | D38: 5 | E38: Tons | F38: 9,600 | G38: Tons | H38: 0.07 | I38: 17 | J38: 20
A39: 8539 | B39: Electric filament or discharge lamps, incl. sealed beam lamp units and ultraviolet or infra-red lamps; arc lamps; light-emitting diode "LED" light sources; parts thereof | C39: 41 | D39: 0 | E39: No | H39: 0.09 | I39: -20 | J39: n/a
A40: 8508 | B40: Vacuum cleaners, incl. dry cleaners and wet vacuum cleaners | C40: 37 | D40: 0 | E40: No | H40: 0.49 | I40: -11 | J40: n/a
A41: 8521 | B41: Video recording or reproducing apparatus, whether or not incorporating a video tuner (excl. video camera recorders) | C41: 27 | D41: 0 | E41: No | H41: 1.07 | I41: -13 | J41: n/a
A42: 8509 | B42: Electromechanical domestic appliances, with self-contained electric motor; parts thereof (excl. vacuum cleaners, dry and wet vacuum cleaners) | C42: 25 | D42: 0 | E42: No | H42: 0.03 | I42: 44 | J42: n/a
A43: 8510 | B43: Electric shavers, hair clippers and hair-removing appliances, with self-contained electric motor; parts thereof | C43: 9 | D43: 0 | E43: No | H43: 0.14 | I43: n/a | J43: n/a
A44: 8506 | B44: Primary cells and primary batteries, electrical; parts thereof (excl. spent) | C44: 7 | D44: 2 | E44: Tons | F44: 3,500 | G44: Tons | H44: 0.05 | I44: 16 | J44: n/a
A45: 8522 | B45: Parts and accessories suitable for use solely or principally with sound reproducing and recording apparatus and with video equipment for recording and reproducing pictures and sound | C45: 6 | D45: 0 | E45: No | H45: 0.72 | I45: 49 | J45: n/a
A46: 8519 | B46: Sound recording or sound reproducing apparatus | C46: 4 | D46: 0 | E46: No | H46: 0.5 | I46: 6 | J46: n/a
A47: 8513 | B47: Portable electric lamps designed to function by their own source of energy, e.g. dry batteries, accumulators and magnetos; parts thereof (excl. lighting equipment of heading 8512) | C47: 3 | D47: 1 | E47: Tons | F47: 3,000 | G47: Tons | H47: 0.22 | I47: n/a | J47: n/a
A48: 3926 | B48: Articles of plastics and articles of other materials of heading 3901 to 3914, n.e.s. | C48: 22264 | D48: 4528 | E48: Tons | F48: 4,916.96 | G48: Tons | H48: 2.55 | I48: 34 | J48: 37
A49: 3904 | B49: Polymers of vinyl chloride or of other halogenated olefins, in primary forms | C49: 16805 | D49: 839 | E49: Tons | F49: 20,029.8 | G49: Tons | H49: 5.87 | I49: 24 | J49: 13
A50: 3911 | B50: Petroleum resins, coumarone-indene resins, polyterpenes, polysulphides, polysulphones and other polymers and prepolymers produced by chemical synthesis, n.e.s., in primary forms | C50: 13107 | D50: 1345 | E50: Tons | F50: 9,744.98 | G50: Tons | H50: 15 | I50: 30 | J50: 28
A51: 3920 | B51: Plates, sheets, film, foil and strip, of non-cellular plastics, not reinforced, laminated, supported or similarly combined with other materials, without backing, unworked or merely surface-worked or merely cut into squares or rectangles (excl. self-adhesive products, and floor, wall and ceiling coverings of heading 3918) | C51: 10931 | D51: 3591 | E51: Tons | F51: 3,044 | G51: Tons | H51: 0.84 | I51: 27 | J51: 35
A52: 3923 | B52: Articles for the conveyance or packaging of goods, of plastics; stoppers, lids, caps and other closures, of plastics | C52: 10076 | D52: 2579 | E52: Tons | F52: 3,906.94 | G52: Tons | H52: 0.81 | I52: 8 | J52: 18
A53: 3907 | B53: Polyacetals, other polyethers and epoxide resins, in primary forms; polycarbonates, alkyd resins, polyallyl esters and other polyesters, in primary forms | C53: 9579 | D53: 9533 | E53: Tons | F53: 1,004.83 | G53: Tons | H53: 1.18 | I53: -3 | J53: -2
A54: 3917 | B54: Tubes, pipes and hoses, and fittings therefor, e.g. joints, elbows, flanges, of plastics | C54: 5450 | D54: 176 | E54: Tons | F54: 30,965.91 | G54: Tons | H54: 1.71 | I54: 110 | J54: 87
A55: 3908 | B55: Polyamides, in primary forms | C55: 3329 | D55: 1294 | E55: Tons | F55: 2,572.64 | G55: Tons | H55: 4.83 | I55: -10 | J55: -14
A56: 3914 | B56: Ion-exchangers based on polymers of heading 3901 to 3913, in primary forms | C56: 1856 | D56: 488 | E56: Tons | F56: 3,803.28 | G56: Tons | H56: 2.01 | I56: -8 | J56: -14
A57: 3903 | B57: Polymers of styrene, in primary forms | C57: 1775 | D57: 1559 | E57: Tons | F57: 1,138.55 | G57: Tons | H57: 1.87 | I57: 178 | J57: 280
A58: 3921 | B58: Plates, sheets, film, foil and strip, of plastics, reinforced, laminated, supported or similarly combined with other materials, or of cellular plastic, unworked or merely surface-worked or merely cut into squares or rectangles (excl. self-adhesive products, floor, wall and ceiling coverings of heading 3918) | C58: 737 | D58: 111 | E58: Tons | F58: 6,639.64 | G58: Tons | H58: 0.18 | I58: 37 | J58: 16
A59: 3913 | B59: Natural polymers, e.g. alginic acid, and modified natural polymers, e.g. hardened proteins, chemical derivatives of natural rubber, n.e.s., in primary forms | C59: 734 | D59: 138 | E59: Tons | F59: 5,318.84 | G59: Tons | H59: 6.69 | I59: 37 | J59: 78
... A69: 3901 | B69: Polymers of ethylene, in primary forms | C69: 75 | D69: 28 | E69: Tons | F69: 2,678.57 | G69: Tons | H69: 0.02 | I69: 32 | J69: -43
A70: 3918 | B70: Floor coverings of plastics, whether or not self-adhesive, in rolls or in the form of tiles; wall or ceiling coverings of plastics, in rolls with a width of >= 45 cm, consisting of a layer of plastics fixed permanently on a backing of any material other than paper, the face side of which is grained, embossed, coloured, design-printed or otherwise decorated | C70: 8 | D70: 1 | E70: Tons | F70: 8,000 | G70: Tons | H70: 0.01 | I70: 32 | J70: n/a
A71: 3922 | B71: Baths, shower-baths, sinks, washbasins, bidets, lavatory pans, seats and covers, flushing cisterns and similar sanitary ware, of plastics | C71: 1 | D71: 0 | E71: Tons | H71: 0.01 | I71: n/a | J71: n/a
A72: 3925 | B72: Builders' ware of plastics, n.e.s. | C72: 1 | D72: 0 | E72: Tons | H72: 0 | I72: n/a | J72: n/a
A73: 6802 | B73: Monumental or building stone, natural (excl. slate), worked, and articles; mosaic cubes etc. of natural stone, incl. slate, whether or not on a backing; artificially coloured granules, chippings, powder, of natural stone, incl. slate (excl. setts, curbstones, flagstones; articles of fused basalt and of fired steatite; jewellery, clocks, lamps and parts; buttons, chalks, original sculptures and statuary) | C73: 2928 | D73: 3253 | E73: Tons | F73: 900.09 | G73: Tons | H73: 0.25 | I73: -4 | J73: -7
A74: 6814 | B74: Worked mica and articles of mica, incl. agglomerated or reconstituted mica, whether or not on a support of paper, paperboard or other materials (excl. electrical insulators, insulating fittings, resistors and capacitors, protective goggles of mica and their glasses, and mica in the form of Christmas tree decorations) | C74: 1361 | D74: 9 | E74: Tons | F74: 151,222.22 | G74: Tons | H74: 7.39 | I74: -5 | J74: -31
A75: 6806 | B75: Slag-wool, rock-wool and similar mineral wools; exfoliated vermiculite, expanded clays, foamed slag and similar expanded mineral materials; mixtures and articles of heat-insulating, sound-insulating or sound absorbing mineral materials (excl. articles of light concrete, asbestos, asbestos-cement, cellulose fibre-cement or the like, mixtures and other articles of or based on asbestos, and ceramic products) | C75: 1307 | D75: 1448 | E75: Tons | F75: 902.62 | G75: Tons | H75: 3.46 | I75: 5 | J75: 12
A76: 6815 | B76: Articles of stone or of other mineral substances, incl. carbon fibres, articles of carbon fibres and articles of peat, n.e.s. | C76: 821 | D76: 208 | E76: Tons | F76: 3,947.12 | G76: Tons | H76: 0.61 | I76: -35 | J76: -19
A77: 6813 | B77: Friction material and articles thereof, e.g., sheets, rolls, strips, segments, discs, washers, pads, not mounted, for brakes, clutches or the like, with a basis of asbestos, other mineral substances or cellulose, whether or not combined with textile or other materials (excl. mounted friction material) | C77: 734 | D77: 101 | E77: Tons | F77: 7,267.33 | G77: Tons | H77: 0.81 | I77: -10 | J77: -7
A78: 6804 | B78: Millstones, grindstones, grinding wheels and the like, without frameworks, for milling, grinding, pulping, sharpening, polishing, trueing or cutting, hand sharpening or polishing stones, and parts thereof, of natural stone, of agglomerated natural or artificial abrasives, or of ceramics, with or without parts of other materials (excl. perfumed pumice stones and grinding wheels etc. specifically for dental drill engines) | C78: 388 | D78: 19 | E78: Tons | F78: 20,421.05 | G78: Tons | H78: 0.55 | I78: -5 | J78: -23
A79: 6803 | B79: Worked slate and articles of slate or of agglomerated slate (excluding slate granules, chippings and powder, mosaic cubes and the like, slate pencils, and ready-to-use slates or boards with writing or drawing surfaces) | C79: 290 | D79: 227 | E79: Tons | F79: 1,277.53 | G79: Tons | H79: 1.37 | I79: -8 | J79: -18
A80: 6801 | B80: Setts, curbstones and flagstones, of natural stone (excluding slate) | C80: 189 | D80: 544 | E80: Tons | F80: 347.43 | G80: Tons | H80: 0.66 | I80: -4 | J80: -12
A81: 6805 | B81: Natural or artificial abrasive powder or grain, on a base of textile material, paper, paperboard or other materials, whether or not cut to shape or sewn or otherwise made up | C81: 13 | D81: 0 | E81: Tons | H81: 0.17 | I81: 76 | J81: n/a
A82: 6808 | B82: Panels, boards, tiles, blocks and similar articles of vegetable fibre, of straw or of shavings, chips, particles, sawdust or other waste of wood, agglomerated with cement, plaster or other mineral binders (excluding articles of asbestos-cement, cellulose fibre-cement or the like) | C82: 3 | D82: 0 | E82: Tons | H82: 0.58 | I82: -62 | J82: n/a
A83: 6809 | B83: Articles of plaster or of compositions based on plaster (excl. plaster bandages for straightening fractures, put up for retail sale; plaster splints for the treatment of fractures; lightweight with plaster agglomerated building boards or articles for heat-insulation, sound-insulation or sound absorption; anatomic and other models for demonstration purposes; original sculptures and statuary) | C83: 1 | D83: 0 | E83: Tons | H83: 0.01 | I83: n/a | J83: n/a
A84: 6910 | B84: Ceramic sinks, washbasins, washbasin pedestals, baths, bidets, water closet pans, flushing cisterns, urinals and similar sanitary fixtures (excl. soap dishes, sponge holders, tooth-brush holders, towel hooks and toilet paper holders) | C84: 9577 | D84: 2030 | E84: Tons | F84: 4,717.73 | G84: Tons | H84: 5.35 | I84: 1 | J84: -9
A85: 6902 | B85: Refractory bricks, blocks, tiles and similar refractory ceramic constructional goods (excl. those of siliceous fossil meals or similar siliceous earths) | C85: 4031 | D85: 1422 | E85: Tons | F85: 2,834.74 | G85: Tons | H85: 2.05 | I85: 0 | J85: -10
A86: 6907 | B86: Ceramic flags and paving, hearth or wall tiles; ceramic mosaic cubes and the like, whether or not on a backing (excl. of siliceous fossil meals or similar siliceous earths, refractory goods, tiles specially adapted as table mats, ornamental articles and tiles specifically manufactured for stoves) | C86: 467 | D86: 1561000 | E86: square | F86: 2,993.59 | G86: 1000 square meters | H86: 0.02 | I86: 28 | J86: n/a
A87: 6903 | B87: Retorts, crucibles, mufflers, nozzles, plugs, supports, cupels, tubes, pipes, sheaths, rods, slide gates and other refractory ceramic goods (excl. those of siliceous fossil meals or of similar siliceous earths, and refractory bricks, blocks, tiles and similar refractory ceramic constructional goods) | C87: 402 | D87: 79 | E87: Tons | F87: 5,088.61 | G87: Tons | H87: 0.37 | I87: -17 | J87: -53
A88: 6912 | B88: Tableware, kitchenware, other household articles and toilet articles, of ceramics other than porcelain or china (excluding baths, bidets, sinks and similar sanitary fixtures, statuettes and other ornamental articles, pots, jars, carboys and similar receptacles for the conveyance or packing of goods, and coffee grinders and spice mills with receptacles made of ceramics and working parts of metal) | C88: 69 | D88: 11 | E88: Tons | F88: 6,272.73 | G88: Tons | H88: 0.17 | I88: -5 | J88: -11
A89: 6909 | B89: Ceramic wares for laboratory, chemical or other technical uses; ceramic troughs, tubs and similar receptacles used in agriculture; ceramic pots, jars and similar articles used for the conveyance or packing of goods (excl. millstones, polishing stones, grindstones and the like of heading 6804; refractory ceramic goods; household articles; containers for shops; electrical devices, insulators and other insulating fittings) | C89: 44 | D89: 2 | E89: Tons | F89: 22,000 | G89: Tons | H89: 0.87 | I89: 24 | J89: 0
A90: 6913 | B90: Statuettes and other ornamental ceramic articles, n.e.s. | C90: 31 | D90: 6 | E90: Tons | F90: 5,166.67 | G90: Tons | H90: 1.97 | I90: 3 | J90: -21
A91: 6914 | B91: Ceramic articles, n.e.s. | C91: 22 | D91: 4 | E91: Tons | F91: 5,500 | G91: Tons | H91: 0.1 | I91: -30 | J91: -17
A92: 6911 | B92: Tableware, kitchenware, other household articles and toilet articles, of porcelain or china (excl. baths, bidets, sinks and similar sanitary fixtures, statuettes and other ornamental articles, pots, jars, carboys and similar receptacles for the conveyance or packing of goods, and coffee grinders and spice mills with receptacles made of ceramics and working parts of metal) | C92: 8 | D92: 1 | E92: Tons | F92: 8,000 | G92: Tons | H92: 0.04 | I92: 58 | J92: n/a
A93: 7326 | B93: Articles of iron or steel, n.e.s. (excl. cast articles) | C93: 44983 | D93: 18949 | E93: Tons | F93: 2,373.9 | G93: Tons | H93: 3.2 | I93: 9 | J93: 20
A94: 7308 | B94: Structures and parts of structures "e.g., bridges and bridge-sections, lock-gates, towers, lattice masts, roofs, roofing frameworks, doors and windows and their frames and thresholds for doors, shutters, balustrades, pillars and columns", of iron or steel; plates, rods, angles, shapes, sections, tubes and the like, prepared for use in structures, of iron or steel (excl. prefabricated buildings of heading 9406) | C94: 7324 | D94: 82550 | E94: Units | F94: 88.72 | G94: Units | H94: 0.4 | I94: -21 | J94: n/a
A95: 7325 | B95: Articles of iron or steel, cast, n.e.s. | C95: 5131 | D95: 1561 | E95: Tons | F95: 3,287 | G95: Tons | H95: 0.41 | I95: -3 | J95: 4
A96: 7323 | B96: Table, kitchen or other household articles, and parts thereof, of iron or steel; iron or steel wool; pot scourers and scouring or polishing pads, gloves and the like, of iron or steel (excl. cans, boxes and similar containers of heading 7310; waste baskets; shovels, corkscrews and other articles of the nature of a work implement; articles of cutlery, spoons, ladles, forks etc. of heading 8211 to 8215; ornamental articles; sanitary ware) | C96: 2323 | D96: 1770255 | E96: Units | F96: 1.31 | G96: Units | H96: 0.43 | I96: -9 | J96: n/a
A97: 7310 | B97: Tanks, casks, drums, cans, boxes and similar containers, of iron or steel, for any material "other than compressed or liquefied gas", of a capacity of <= 300 l, not fitted with mechanical or thermal equipment, whether or not lined or heat-insulated, n.e.s. | C97: 2135 | D97: 1261 | E97: Tons | F97: 1,693.1 | G97: Tons | H97: 2.22 | I97: 1 | J97: 5
A98: 7307 | B98: Tube or pipe fittings "e.g. couplings, elbows, sleeves", of iron or steel | C98: 2084 | D98: 42 | E98: Tons | F98: 49,619.05 | G98: Tons | H98: 0.18 | I98: 0 | J98: -36
A99: 7320 | B99: Springs and leaves for springs, of iron or steel (excl. clock and watch springs, springs for sticks and handles of umbrellas or parasols, shock absorbers and torque rod or torsion bar springs of Section 17) | C99: 1829 | D99: 206 | E99: Tons | F99: 8,878.64 | G99: Tons | H99: 1.8 | I99: -11 | J99: -21
A100: 7318 | B100: Screws, bolts, nuts, coach screws, screw hooks, rivets, cotters, cotter pins, washers, incl. spring washers, and similar articles, of iron or steel (excl. lag screws, stoppers, plugs and the like, threaded) | C100: 1385 | D100: 0 | E100: No | H100: 0.14 | I100: -1 | J100: n/a
A101: 7301 | B101: Sheet piling of iron or steel, whether or not drilled, punched or made from assembled elements; welded angles, shapes and sections, of iron or steel | C101: 686 | D101: 186 | E101: Tons | F101: 3,688.17 | G101: Tons | H101: 3.1 | I101: 65 | J101: 78
A102: 7315 | B102: Chain and parts thereof, or iron or steel (excl. watch chains, necklace chains and the like, cutting and saw chain, skid chain, scraper chain for conveyors, toothed chain for textile machinery and the like, safety devices with chains for securing doors, measuring chains) | C102: 561 | D102: 80 | E102: Tons | F102: 7,012.5 | G102: Tons | H102: 0.76 | I102: -4 | J102: -7
A103: 7304 | B103: Tubes, pipes and hollow profiles, seamless, of iron or steel (excl. products of cast iron) | C103: 388 | D103: 18 | E103: Tons | F103: 21,555.56 | G103: Tons | H103: 0.07 | I103: -19 | J103: -31
A104: 7321 | B104: Stoves, ranges, grates, cookers, incl. those with subsidiary boilers for central heating, barbecues, braziers, gas rings, plate warmers and similar non-electric domestic appliances, and parts thereof of iron or steel (excl. boilers and radiators for central heating, geysers and hot water cylinders) | C104: 345 | D104: 0 | E104: Mixed | H104: 1.68 | I104: 7 | J104: n/a
A105: 7306 | B105: Tubes, pipes and hollow profiles "e.g., open seam or welded, riveted or similarly closed", of iron or steel (excl. of cast iron, seamless tubes and pipes and tubes having internal and external circular cross-sections and an external diameter of > 406,4 mm) | C105: 286 | D105: 80 | E105: Tons | F105: 3,575 | G105: Tons | H105: 0.04 | I105: -30 | J105: -17
A106: 7319 | B106: Sewing needles, knitting needles, bodkins, crochet hoods, embroidery stilettos and similar articles, for use in the hand, of iron or steel; safety pins and other pins of iron or steel, n.e.s. | C106: 233 | D106: 8 | E106: Tons | F106: 29,125 | G106: Tons | H106: 2.23 | I106: 0 | J106: 46
A107: 7309 | B107: Reservoirs, tanks, vats and similar containers, of iron or steel, for any material "other than compressed or liquefied gas", of a capacity of > 300 l, not fitted with mechanical or thermal equipment, whether or not lined or heat-insulated (excluding containers specifically constructed or equipped for one or more types of transport) | C107: 218 | D107: 18 | E107: Tons | F107: 12,111.11 | G107: Tons | H107: 0.32 | I107: 66 | J107: 106
A108: 7302 | B108: Railway or tramway track construction material of iron or steel, the following : rails, check-rails and rack rails, switch blades, crossing frogs, point rods and other crossing pieces, sleepers "cross-ties", fish-plates, chairs, chair wedges, sole plates "base plates", rail clips, bedplates, ties and other material specialised for jointing or fixing rails | C108: 123 | D108: 43 | E108: Tons | F108: 2,860.47 | G108: Tons | H108: 0.27 | I108: n/a | J108: n/a
A109: 7312 | B109: Stranded wire, ropes, cables, plaited bands, slings and the like, of iron or steel (excl. electrically insulated products and twisted fencing wire and barbed wire) | C109: 29 | D109: 1 | E109: Tons | F109: 29,000 | G109: Tons | H109: 0.02 | I109: 10 | J109: -24
A110: 7317 | B110: Nails, tacks, drawing pins, corrugated nails, staples and similar articles of iron or steel, whether or not with heads of other material (excluding such articles with heads of copper and staples in strips) | C110: 22 | D110: 0 | E110: No | H110: 0.02 | I110: 121 | J110: n/a
...

Sheet Product_Mapping
A1: HS Chapter | B1: HS6 Code | C1: Product Description | D1: Product Category | E1: Business Function
A2: 85 | B2: 8542 | C2: Electronic integrated circuits; parts thereof | D2: =VLOOKUP(A2,[1]HS_Category_Map!$A$2:$B$10,2,FALSE) -> Electrical | E2: =VLOOKUP(D2,[1]Category_Function_Map!$A$2:$C$7,2,FALSE) -> Electrical Supplies
A3: 85 | B3: 8536 | C3: Electrical apparatus for switching or protecting electrical circuits, or for making connections to or in electrical circuits, e.g., switches, relays, fuses, surge suppressors, plugs, sockets, lamp holders and junction boxes, for a voltage <= 1.000 V (excl. control desks, cabinets, panels etc. of heading 8537) | D3: =VLOOKUP(A3,[1]HS_Category_Map!$A$2:$B$10,2,FALSE) -> Electrical | E3: =VLOOKUP(D3,[1]Category_Function_Map!$A$2:$C$7,2,FALSE) -> Electrical Supplies
A4: 85 | B4: 8541 | C4: Semiconductor devices "e.g. diodes, transistors, semiconductor-based transducers"; photosensitive semiconductor devices, incl. photovoltaic cells whether or not assembled in modules or made up into panels (excl. photovoltaic generators); light emitting diodes "LED", whether or not assembled with other light-emitting diodes "LED"; mounted piezoelectric crystals; parts thereof | D4: =VLOOKUP(A4,[1]HS_Category_Map!$A$2:$B$10,2,FALSE) -> Electrical | E4: =VLOOKUP(D4,[1]Category_Function_Map!$A$2:$C$7,2,FALSE) -> Electrical Supplies
A5: 85 | B5: 8504 | C5: Electrical transformers, static converters, e.g. rectifiers, and inductors; parts thereof | D5: =VLOOKUP(A5,[1]HS_Category_Map!$A$2:$B$10,2,FALSE) -> Electrical | E5: =VLOOKUP(D5,[1]Category_Function_Map!$A$2:$C$7,2,FALSE) -> Electrical Supplies
A6: 85 | B6: 8537 | C6: Boards, panels, consoles, desks, cabinets and other bases, equipped with two or more apparatus of heading 8535 or 8536, for electric control or the distribution of electricity, incl. those incorporating instruments or apparatus of chapter 90, and numerical control apparatus (excl. switching apparatus for line telephony or line telegraphy) | D6: =VLOOKUP(A6,[1]HS_Category_Map!$A$2:$B$10,2,FALSE) -> Electrical | E6: =VLOOKUP(D6,[1]Category_Function_Map!$A$2:$C$7,2,FALSE) -> Electrical Supplies
A7: 85 | B7: 8515 | C7: Electric, incl. electrically heated gas, laser or other light or photon beam, ultrasonic, electron beam, magnetic pulse or plasma arc soldering, brazing or welding machines and apparatus, whether or not capable of cutting; electric machines and apparatus for hot spraying of metals, metal carbides or cermets; parts thereof (excl. guns for spraying hot materials of heading 8424) | D7: =VLOOKUP(A7,[1]HS_Category_Map!$A$2:$B$10,2,FALSE) -> Electrical | E7: =VLOOKUP(D7,[1]Category_Function_Map!$A$2:$C$7,2,FALSE) -> Electrical Supplies
A8: 85 | B8: 8532 | C8: Electrical capacitors, fixed, variable or adjustable "pre-set"; parts thereof | D8: =VLOOKUP(A8,[1]HS_Category_Map!$A$2:$B$10,2,FALSE) -> Electrical | E8: =VLOOKUP(D8,[1]Category_Function_Map!$A$2:$C$7,2,FALSE) -> Electrical Supplies
A9: 85 | B9: 8511 | C9: Electrical ignition or starting equipment of a kind used for spark-ignition or compression-ignition internal combustion engines, e.g. ignition magnetos, magneto-dynamos, ignition coils, sparking plugs, glow plugs and starter motors; generators, e.g. dynamos and alternators, and cut-outs of a kind used in conjunction with such engines; parts thereof | D9: =VLOOKUP(A9,[1]HS_Category_Map!$A$2:$B$10,2,FALSE) -> Electrical | E9: =VLOOKUP(D9,[1]Category_Function_Map!$A$2:$C$7,2,FALSE) -> Electrical Supplies
A10: 85 | B10: 8507 | C10: Electric accumulators, incl. separators therefor, whether or not square or rectangular; parts thereof (excl. spent and those of unhardened rubber or textiles) | D10: =VLOOKUP(A10,[1]HS_Category_Map!$A$2:$B$10,2,FALSE) -> Electrical | E10: =VLOOKUP(D10,[1]Category_Function_Map!$A$2:$C$7,2,FALSE) -> Electrical Supplies
A11: 85 | B11: 8501 | C11: Electric motors and generators (excl. generating sets) | D11: =VLOOKUP(A11,[1]HS_Category_Map!$A$2:$B$10,2,FALSE) -> Electrical | E11: =VLOOKUP(D11,[1]Category_Function_Map!$A$2:$C$7,2,FALSE) -> Electrical Supplies
A12: 85 | B12: 8525 | C12: Transmission apparatus for radio-broadcasting or television, whether or not incorporating reception apparatus or sound recording or reproducing apparatus; television cameras, digital cameras and video camera recorders | D12: =VLOOKUP(A12,[1]HS_Category_Map!$A$2:$B$10,2,FALSE) -> Electrical | E12: =VLOOKUP(D12,[1]Category_Function_Map!$A$2:$C$7,2,FALSE) -> Electrical Supplies
A13: 85 | B13: 8538 | C13: Parts suitable for use solely or principally with the apparatus of heading 8535, 8536 or 8537, n.e.s. | D13: =VLOOKUP(A13,[1]HS_Category_Map!$A$2:$B$10,2,FALSE) -> Electrical | E13: =VLOOKUP(D13,[1]Category_Function_Map!$A$2:$C$7,2,FALSE) -> Electrical Supplies
... A259: 84 | B259: 8470 | C259: Calculating machines and pocket-size "dimensions <= 170 mm x 100 mm x 45 mm" data recording, reproducing and displaying machines with calculating functions; accounting machines, postage-franking machines, ticket-issuing machines and similar machines, incorporating a calculating device; cash registers (excl. data-processing machines of heading 8471 and automatic goods-vending machines) | D259: =VLOOKUP(A259,[1]HS_Category_Map!$A$2:$B$10,2,FALSE) -> Kitchen Fittings | E259: =VLOOKUP(D259,[1]Category_Function_Map!$A$2:$C$7,2,FALSE) -> Kitchen & Mechanical Solutions

Sheet 01_Import_Trend
B1: Year-wise Import Trend Analysis
B4: Business Question How have India's imports from Japan changed over the years?
B9: Year (20XX) | E9: Total (USD millions)
B10: 16 | E10: 5174.04
B11: 17 | E11: 5244.13
B12: 18 | E12: 6603.25
B13: 19 | E13: 6952.66
B14: 20 | E14: 5134.48
B15: 21 | E15: 7065.4
B16: 22 | E16: 7152.15
B17: 23 | E17: 9000.17
B18: 24 | E18: 9135.08
B23: Key Findings
B24: * Imports increased from 5,174.04 million USD (2016) to 9,135.08 million USD (2024). * Overall, imports grew by approximately 76.6% over the nine-year period. * There was a noticeable decline in 2020 (5,134.48 million USD), likely reflecting the global impact of the COVID-19 pandemic. * Imports recovered strongly in 2021 and continued to rise through 2024. * 2024 recorded the highest import value in the dataset.
B32: Business Interpretation
B33: * The long-term trend indicates that India's imports from Japan have generally increased over the study period, despite the temporary disruption in 2020. The strong recovery after the pandemic and the record import value in 2024 suggest a resilient and growing trade relationship.
B49: #RAW DATA
B51: Values
B52: 16 | C52: 5174.04
B53: 17 | C53: 5244.13
B54: 18 | C54: 6603.25
B55: 19 | C55: 6952.66
B56: 20 | C56: 5134.48
B57: 21 | C57: 7065.4
B58: 22 | C58: 7152.15
B59: 23 | C59: 9000.17
B60: 24 | C60: 9135.08

Sheet 02_Export_Trend
B1: Year-wise Export Trend Analysis
B4: Business Question How have India's exports to Japan changed over the years?
B9: Year (20XX) | E9: Total (USD millions)
B10: 16 | E10: 508.34
B11: 17 | E11: 605.24
B12: 18 | E12: 929.9
B13: 19 | E13: 762.34
B14: 20 | E14: 629.04
B15: 21 | E15: 1313.96
B16: 22 | E16: 1361.87
B17: 23 | E17: 1397.06
B18: 24 | E18: 1564.85
B23: Key Findings
B24: * Exports increased from 508.34 million USD (2016) to 1,564.85 million USD (2024). * Overall, exports grew by approximately 208% during the study period. * Exports declined in 2019 and 2020, likely due to global trade disruptions during the COVID-19 period. * A strong recovery began in 2021, followed by steady growth through 2024. * 2024 recorded the highest export value in the dataset.
B31: Comparision | F31: Business Interpretation
B32: Metric | C32: Imports | D32: Exports | F32: * Imports are significantly larger than exports in absolute value. * Exports are growing at a much faster rate, although from a much smaller base. * Both imports and exports experienced a temporary decline during the pandemic and recovered strongly afterward. * This suggests that while India currently imports much more from Japan than it exports, exports are gaining momentum and may present emerging opportunities.
B33: 2016 | C33: 5174.04 | D33: 508.34
B34: 2024 | C34: 9135.08 | D34: 1564.85
B35: Overall Growth | C35: 0.766 | D35: 2.078
B36: Highest Year | C36: 2024 | D36: 2024
B48: # RAW DATA
B50: Values
B51: 16 | C51: 508.34
B52: 17 | C52: 605.24
B53: 18 | C53: 929.9
B54: 19 | C54: 762.34
B55: 20 | C55: 629.04
B56: 21 | C56: 1313.96
B57: 22 | C57: 1361.87
B58: 23 | C58: 1397.06
B59: 24 | C59: 1564.85

Sheet 03_Trade_Balance
B1: Trade Balance Analysis
B4: Business Question Has India had a trade surplus or trade deficit with Japan over the years?
B9: Year | C9: Imports | D9: Exports | E9: Trade Balance
B10: 2016 | C10: 5174.04 | D10: 508.34 | E10: =D10-C10 -> -4665.7
B11: 2017 | C11: 5244.13 | D11: 605.24 | E11: =D11-C11 -> -4638.89
B12: 2018 | C12: 6603.25 | D12: 929.9 | E12: =D12-C12 -> -5673.35
B13: 2019 | C13: 6952.66 | D13: 762.34 | E13: =D13-C13 -> -6190.32
B14: 2020 | C14: 5134.48 | D14: 629.04 | E14: =D14-C14 -> -4505.44
B15: 2021 | C15: 7065.4 | D15: 1313.96 | E15: =D15-C15 -> -5751.44
B16: 2022 | C16: 7152.15 | D16: 1361.87 | E16: =D16-C16 -> -5790.28
B17: 2023 | C17: 9000.17 | D17: 1397.06 | E17: =D17-C17 -> -7603.11
B18: 2024 | C18: 9135.08 | D18: 1564.85 | E18: =D18-C18 -> -7570.23
B22: Key Findings
B23: * India recorded a trade deficit with Japan in every year from 2016 to 2024. * The trade balance remained negative throughout, meaning imports consistently exceeded exports. * The deficit improved slightly in 2020 due to a larger drop in imports during the pandemic. * After 2020, the deficit widened again as imports recovered faster than exports. * The largest trade deficits occurred in 2023 (-7,603.11 million USD) and 2024 (-7,570.23 million USD).
B30: Business Interpretation
B31: The analysis indicates that India has consistently relied more on Japanese products than Japan has on Indian products. Although Indian exports to Japan have grown steadily, they have not kept pace with the much larger volume of imports.

Sheet 04_Top_Import_Products
B1: Top Import Products (2024)
B4: Business Question Which products (HS6 Code) had the highest import value from Japan in 2024?
B9: HS6 Product Code | C9: Year 2024
B10: 7403 | C10: 1994.98
B11: 3904 | C11: 479.81
B12: 8542 | C12: 420.33
B13: 8479 | C13: 319.68
B14: 8411 | C14: 194.6
B15: 8536 | C15: 192.44
B16: 8541 | C16: 184.92
B17: 8457 | C17: 175.4
B18: 8443 | C18: 162.18
B19: 8409 | C19: 156.94
B20: Grand Total | C20: 4281.28
B22: Key Findings
B23: 1. Refined Copper (HS 7403) is by far the largest imported product, with an import value of USD 1,994.98 million, accounting for a substantial share of the top imports. 2. The remaining top imports are largely industrial and manufacturing components, including: * Electronic Integrated Circuits * Semiconductor Devices * Electrical Switching Equipment * Industrial Machinery * Gas Turbines * Engine Parts 3. Plastics (HS 3904) also represent a significant import category, indicating demand for industrial raw materials. 4. The import basket is dominated by high-value industrial inputs and advanced technology products, rather than consumer goods.
B36: Business Interpretation
B37: The analysis suggests that India's imports from Japan are primarily driven by industrial manufacturing requirements, reflecting Japan's competitive advantage in precision engineering, electronics, machinery, and advanced materials.

Sheet 05_Top_Export_Products
B1: Top Export Products (2024)
B4: Business Question Which products (HS6 Code) had the highest export value to Japan in 2024?
B9: HS6 Product Code | C9: Year 2024
B10: 7601 | C10: 331.88
B11: 8517 | C11: 299.04
B12: 8411 | C12: 249.63
B13: 8544 | C13: 41.82
B14: 7326 | C14: 37.44
B15: 8409 | C15: 34.35
B16: 8511 | C16: 30.18
B17: 8481 | C17: 23.47
B18: 3904 | C18: 23.37
B19: 8504 | C19: 22.63
B20: Grand Total | C20: 1093.81
B22: Key Findings
B23: 1. Unwrought Aluminium (HS 7601) is India's largest export to Japan, valued at USD 331.88 million. 2. Telecommunication Equipment (HS 8517) ranks second at USD 299.04 million, indicating strong demand for communication technology. 3. Gas Turbines (HS 8411) continue to be a major traded product, appearing in both imports and exports. 4. The remaining products mainly consist of: * Electrical Equipment * Industrial Components * Iron & Steel Articles * Engine Parts * Valves * Plastic Raw Materials
B37: Business Interpretation
B38: India's exports to Japan are concentrated in industrial raw materials, engineering products, and electrical components, rather than finished consumer goods.

Sheet 06_Category-wise_Import
B1: Category-wise Import Analysis (Ekta Product Categories)
B4: Business Question Which of the product categories have the highest import trade value and therefore deserve further business evaluation?
C10: Product Categories | D10: Year 2024
C11: Electrical | D11: 4165.22
C12: Kitchen Fittings | D12: 3296.61
C13: Plastics | D13: 1154.19
C14: Hardware | D14: 411.36
C15: Decorative Materials | D15: 60.8
C16: Sanitary | D16: 46.9
C17: Grand Total | D17: 9135.08
B23: Key Findings | F23: Business Interpretation
B24: Rank | C24: Product Category | D24: Import Value (USD Million) | F24: * Electrical Products are the largest import category, contributing over USD 4.1 billion, indicating strong sourcing potential from Japan. * Kitchen Fittings rank second, suggesting Japan is also a significant supplier of machinery and components relevant to this category. * Plastics form a substantial portion of imports, reflecting demand for industrial raw materials. * Hardware contributes a moderate share, while Decorative Materials and Sanitary Ware currently represent relatively small import volumes.
B25: 1 | C25: Electrical | D25: 4165.22
B26: 2 | C26: Kitchen Fittings | D26: 3296.61
B27: 3 | C27: Plastics | D27: 1154.19
B28: 4 | C28: Hardware | D28: 411.36
B29: 5 | C29: Decorative Materials | D29: 60.8
B30: 6 | C30: Sanitary | D30: 46.9

Sheet 07_Category-wise_Export
B1: Category-wise Export Analysis (Ekta Product Categories)
B4: Business Question Which of the product categories have the highest export trade value and therefore deserve further business evaluation?
C10: Product Categories | D10: Year 2024
C11: Hardware | D11: 659.49
C12: Electrical | D12: 511.13
C13: Kitchen Fittings | D13: 264.9
C14: Plastics | D14: 110.5
C15: Sanitary | D15: 9.65
C16: Decorative Materials | D16: 9.18
C17: Grand Total | D17: 1564.85
B21: Key Findings | F21: Business Interpretation
B22: Rank | C22: Product Category | D22: Export Value (USD Million) | F22: * Hardware is India's largest export category to Japan, indicating strong demand for metal-based industrial products. * Electrical Products rank second, demonstrating export potential in electrical equipment and components. * Kitchen Fittings also contribute significantly, although their export value is much lower than imports. * Plastics have a moderate export presence, while Sanitary and Decorative Materials currently represent niche export categories.
B23: 1 | C23: Hardware | D23: 659.49
B24: 2 | C24: Electrical | D24: 511.13
B25: 3 | C25: Kitchen Fittings | D25: 264.9
B26: 4 | C26: Plastics | D26: 110.5
B27: 5 | C27: Sanitary | D27: 9.65
B28: 6 | C28: Decorative Materials | D28: 9.18

Sheet 08_High-Growth_Import_Products
B1: High-Growth Import Products
B4: Business Question Which imported products are growing the fastest in value?
B8: HS6 Code Products | C8: Annual growth in import (2021-2025) (%)
B9: 8548 | C9: 234
B10: 8510 | C10: 219
B11: 8436 | C11: 174
B12: 8444 | C12: 97
B13: 8522 | C13: 84
B14: 8426 | C14: 78
B15: 7402 | C15: 76
B16: 8440 | C16: 71
B17: 3918 | C17: 66
B18: 7415 | C18: 64
B21: Key Findings | F21: Business Interpretation
B22: HS6 | C22: Product | D22: Growth (%) | F22: * The fastest-growing import products are different from the highest-value products identified earlier. * Several products, such as Electric Shavers, Agricultural Machinery, and Textile Machinery, are experiencing rapid growth despite not being among the largest import categories. * Plastic Floor & Wall Coverings (HS 3918) stand out because they align with Ekta's Decorative Materials business, making them more relevant than many higher-growth but unrelated products. * Similarly, Copper Fasteners (HS 7415) could relate to Ekta's Hardware category.
B23: 8548 | C23: Electrical Waste & Scrap | D23: 234
B24: 8510 | C24: Electric Shavers & Clippers | D24: 219
B25: 8436 | C25: Agricultural Machinery | D25: 174
B26: 8444 | C26: Textile Machinery | D26: 97
B27: 8522 | C27: Audio/Video Equipment Parts | D27: 84
B28: 8426 | C28: Cranes & Lifting Equipment | D28: 78
B29: 7402 | C29: Unrefined Copper | D29: 76
B30: 8440 | C30: Bookbinding Machinery | D30: 71
B31: 3918 | C31: Plastic Floor & Wall Coverings | D31: 66
B32: 7415 | C32: Copper Fasteners | D32: 64

Sheet 09_High-Growth Export Products
B1: High-Growth Export Products
B4: Business Question Which exported products are growing the fastest in value?
B9: Row Labels | C9: Annual growth in export (2021-2025) (%
B10: 7602 | C10: 452
B11: 8527 | C11: 343
B12: 8433 | C12: 186
B13: 3903 | C13: 178
B14: 8548 | C14: 170
B15: 8445 | C15: 157
B16: 8525 | C16: 148
B17: 7406 | C17: 133
B18: 3916 | C18: 128
B19: 7412 | C19: 128
B22: Key Findings | F22: Business Interpretation
B23: HS6 | C23: Product | D23: Growth (%) | F23: * Export growth is concentrated in industrial materials, electrical equipment, agricultural machinery, and plastics. * Plastic products (3903 & 3916) and Copper Pipe Fittings (7412) have relevance to Ekta's existing business portfolio. * Several rapidly growing products, such as broadcasting equipment and textile machinery, lie outside Ekta's current scope and are therefore lower-priority opportunities.
B24: 7602 | C24: Aluminium Waste & Scrap | D24: 452
B25: 8527 | C25: Radio Reception Equipment | D25: 343
B26: 8433 | C26: Agricultural Machinery | D26: 186
B27: 3903 | C27: Styrene Polymers | D27: 178
B28: 8548 | C28: Electrical Waste & Scrap | D28: 170
B29: 8445 | C29: Textile Machinery | D29: 157
B30: 8525 | C30: Broadcasting Equipment | D30: 148
B31: 7406 | C31: Copper Powder & Flakes | D31: 133
B32: 3916 | C32: Plastic Rods & Profiles | D32: 128
B33: 7412 | C33: Copper Pipe Fittings | D33: 128
